# meta: {"smoothing_window": 1, "stride": 1, "run_type": "random"}
time,song_bpm,walking_bpm,step_event,instant_bpm
00:00:00.000,120.0,120.0,False,
00:00:00.006,120.0,149.14344676620738,False,
00:00:00.108,149.14344676620738,149.14344676620738,False,
00:00:00.209,149.14344676620738,149.14344676620738,False,
00:00:00.309,149.14344676620738,149.14344676620738,False,
00:00:00.411,149.14344676620738,149.14344676620738,False,
00:00:00.512,149.14344676620738,149.14344676620738,False,
00:00:00.613,149.14344676620738,149.14344676620738,False,
00:00:00.713,149.14344676620738,149.14344676620738,False,
00:00:00.814,149.14344676620738,149.14344676620738,False,
00:00:00.914,149.14344676620738,149.14344676620738,False,
00:00:01.016,149.14344676620738,149.14344676620738,False,
00:00:01.051,149.14344676620738,149.14344676620738,True,0.0
00:00:01.116,149.14344676620738,149.14344676620738,False,
00:00:01.217,149.14344676620738,149.14344676620738,False,
00:00:01.318,149.14344676620738,149.14344676620738,False,
00:00:01.419,149.14344676620738,149.14344676620738,False,
00:00:01.493,149.14344676620738,135.75,True,135.75
00:00:01.521,149.14344676620738,149.14344676620738,False,
00:00:01.622,149.14344676620738,149.14344676620738,False,
00:00:01.722,149.14344676620738,149.14344676620738,False,
00:00:01.823,149.14344676620738,149.14344676620738,False,
00:00:01.923,149.14344676620738,149.14344676620738,False,
00:00:01.964,149.14344676620738,127.93,True,127.93
00:00:02.025,149.14344676620738,149.14344676620738,False,
00:00:02.125,149.14344676620738,149.14344676620738,False,
00:00:02.227,149.14344676620738,149.14344676620738,False,
00:00:02.328,149.14344676620738,149.14344676620738,False,
00:00:02.429,149.14344676620738,149.14344676620738,False,
00:00:02.436,149.14344676620738,126.58,True,126.58
00:00:02.530,149.14344676620738,149.14344676620738,False,
00:00:02.632,149.14344676620738,149.14344676620738,False,
00:00:02.733,149.14344676620738,149.14344676620738,False,
00:00:02.833,149.14344676620738,149.14344676620738,False,
00:00:02.933,149.14344676620738,149.14344676620738,False,
00:00:02.951,149.14344676620738,116.5,True,116.5
00:00:03.034,149.14344676620738,149.14344676620738,False,
00:00:03.135,149.14344676620738,149.14344676620738,False,
00:00:03.236,149.14344676620738,149.14344676620738,False,
00:00:03.337,149.14344676620738,149.14344676620738,False,
00:00:03.438,149.14344676620738,149.14344676620738,False,
00:00:03.444,149.14344676620738,121.7,True,121.7
00:00:03.539,149.14344676620738,149.14344676620738,False,
00:00:03.640,149.14344676620738,149.14344676620738,False,
00:00:03.741,149.14344676620738,149.14344676620738,False,
00:00:03.841,149.14344676620738,149.14344676620738,False,
00:00:03.942,149.14344676620738,149.14344676620738,False,
00:00:03.975,149.14344676620738,112.78,True,112.78
00:00:04.043,149.14344676620738,149.14344676620738,False,
00:00:04.145,149.14344676620738,149.14344676620738,False,
00:00:04.245,149.14344676620738,149.14344676620738,False,
00:00:04.345,149.14344676620738,149.14344676620738,False,
00:00:04.438,149.14344676620738,129.59,True,129.59
00:00:04.446,149.14344676620738,149.14344676620738,False,
00:00:04.546,149.14344676620738,149.14344676620738,False,
00:00:04.647,149.14344676620738,149.14344676620738,False,
00:00:04.747,149.14344676620738,149.14344676620738,False,
00:00:04.848,149.14344676620738,149.14344676620738,False,
00:00:04.949,149.14344676620738,149.14344676620738,False,
00:00:04.992,149.14344676620738,108.5,True,108.5
00:00:05.050,149.14344676620738,149.14344676620738,False,
00:00:05.151,149.14344676620738,149.14344676620738,False,
00:00:05.251,149.14344676620738,149.14344676620738,False,
00:00:05.352,149.14344676620738,149.14344676620738,False,
00:00:05.453,149.14344676620738,149.14344676620738,False,
00:00:05.487,149.14344676620738,121.21,True,121.21
00:00:05.554,149.14344676620738,149.14344676620738,False,
00:00:05.655,149.14344676620738,149.14344676620738,False,
00:00:05.755,149.14344676620738,149.14344676620738,False,
00:00:05.857,149.14344676620738,149.14344676620738,False,
00:00:05.957,149.14344676620738,149.14344676620738,False,
00:00:06.044,149.14344676620738,109.29,True,109.29
00:00:06.058,149.14344676620738,149.14344676620738,False,
00:00:06.159,149.14344676620738,149.14344676620738,False,
00:00:06.260,149.14344676620738,149.14344676620738,False,
00:00:06.361,149.14344676620738,149.14344676620738,False,
00:00:06.462,149.14344676620738,149.14344676620738,False,
00:00:06.516,149.14344676620738,124.74,True,124.74
00:00:06.563,149.14344676620738,149.14344676620738,False,
00:00:06.664,149.14344676620738,149.14344676620738,False,
00:00:06.764,149.14344676620738,149.14344676620738,False,
00:00:06.866,149.14344676620738,149.14344676620738,False,
00:00:06.967,149.14344676620738,149.14344676620738,False,
00:00:07.016,148.74839570817787,120.24,True,120.24
00:00:07.067,146.83554954546503,117.21172370425576,False,
00:00:07.168,143.3200207692385,117.21172370425576,False,
00:00:07.270,140.2084620114614,117.21172370425576,False,
00:00:07.370,137.48688934738024,117.21172370425576,False,
00:00:07.470,135.1075189756662,117.21172370425576,False,
00:00:07.541,133.5748409165134,114.5,True,114.5
00:00:07.572,132.97105932708433,117.21172370425576,False,
00:00:07.673,131.09488921779962,117.21172370425576,False,
00:00:07.773,129.45286600628214,117.21172370425576,False,
00:00:07.875,128.00019740620772,117.21172370425576,False,
00:00:07.975,126.72162996854642,117.21172370425576,False,
00:00:08.075,125.5973870271361,112.15,True,112.15
00:00:08.079,125.5973870271361,117.21172370425576,False,
00:00:08.180,124.56962525790559,117.21172370425576,False,
00:00:08.282,123.69194904778931,117.21172370425576,False,
00:00:08.382,122.92616120826393,117.21172370425576,False,
00:00:08.483,122.24881541847765,117.21172370425576,False,
00:00:08.551,121.83174872166957,126.05,True,126.05
00:00:08.584,121.65289505112126,117.21172370425576,False,
00:00:08.685,121.1250993414726,117.21172370425576,False,
00:00:08.785,120.66462688851888,117.21172370425576,False,
00:00:08.887,120.2527429806623,117.21172370425576,False,
00:00:08.987,119.89261787164376,117.21172370425576,False,
00:00:09.065,119.63800900553947,116.5,True,116.5
00:00:09.087,119.57713241422752,117.21172370425576,False,
00:00:09.188,119.29674983034737,117.21172370425576,False,
00:00:09.289,119.04847781311305,117.21172370425576,False,
00:00:09.390,118.83112870608107,117.21172370425576,False,
00:00:09.491,118.63861188940741,117.21172370425576,False,
00:00:09.552,118.53207404789937,123.46,True,123.46
00:00:09.592,118.46996549231379,117.21172370425576,False,
00:00:09.692,118.32149621657818,117.21172370425576,False,
00:00:09.792,118.19115787537844,117.21172370425576,False,
00:00:09.892,118.07538478250208,117.21172370425576,False,
00:00:09.993,117.97344027301753,117.21172370425576,False,
00:00:10.076,117.89683284850541,114.5,True,114.5
00:00:10.094,117.88289545794271,117.21172370425576,False,
00:00:10.194,117.80400935416253,117.21172370425576,False,
00:00:10.295,117.7334998299012,117.21172370425576,False,
00:00:10.396,117.67182560719556,117.21172370425576,False,
00:00:10.496,117.61745309489879,117.21172370425576,False,
00:00:10.595,117.56950520322313,115.38,True,115.38
00:00:10.599,117.56950520322313,117.21172370425576,False,
00:00:10.700,117.52623586933043,117.21172370425576,False,
00:00:10.800,117.4891788043431,117.21172370425576,False,
00:00:10.900,117.45649420776653,117.21172370425576,False,
00:00:11.000,117.42761744347281,117.21172370425576,False,
00:00:11.102,117.40186047086893,117.21172370425576,False,
00:00:11.201,117.3795034937094,99.17,True,99.17
00:00:11.205,117.3795034937094,117.21172370425576,False,
00:00:11.306,117.35895891536714,117.21172370425576,False,
00:00:11.407,117.34147325118843,117.21172370425576,False,
00:00:11.508,117.32619670087459,117.21172370425576,False,
00:00:11.609,117.31256333801785,117.21172370425576,False,
00:00:11.709,117.21172370425576,117.21172370425576,False,
00:00:11.713,117.21172370425576,117.19,True,117.19
00:00:11.810,117.21172370425576,117.21172370425576,False,
00:00:11.911,117.21172370425576,117.21172370425576,False,
00:00:12.013,117.21172370425576,117.21172370425576,False,
00:00:12.114,117.21172370425576,117.21172370425576,False,
00:00:12.215,117.21172370425576,117.21172370425576,False,
00:00:12.239,117.21172370425576,114.07,True,114.07
00:00:12.317,117.21172370425576,117.21172370425576,False,
00:00:12.417,117.21172370425576,117.21172370425576,False,
00:00:12.518,117.21172370425576,117.21172370425576,False,
00:00:12.619,117.21172370425576,117.21172370425576,False,
00:00:12.721,117.21172370425576,117.21172370425576,False,
00:00:12.801,117.21172370425576,106.76,True,106.76
00:00:12.821,117.21172370425576,117.21172370425576,False,
00:00:12.922,117.21172370425576,117.21172370425576,False,
00:00:13.024,117.21172370425576,117.21172370425576,False,
00:00:13.124,117.21172370425576,117.21172370425576,False,
00:00:13.224,117.21172370425576,117.21172370425576,False,
00:00:13.325,117.21172370425576,117.21172370425576,False,
00:00:13.376,117.21172370425576,104.35,True,104.35
00:00:13.426,117.21172370425576,117.21172370425576,False,
00:00:13.527,117.21172370425576,117.21172370425576,False,
00:00:13.627,117.21172370425576,117.21172370425576,False,
00:00:13.728,117.21172370425576,117.21172370425576,False,
00:00:13.829,117.21172370425576,117.21172370425576,False,
00:00:13.918,117.21172370425576,110.5,True,110.5
00:00:13.929,117.21172370425576,117.21172370425576,False,
00:00:14.030,116.67843438486184,97.83717185055659,False,
00:00:14.131,114.45033297479362,97.83717185055659,False,
00:00:14.232,112.4739480582035,97.83717185055659,False,
00:00:14.333,110.74690019965145,97.83717185055659,False,
00:00:14.434,109.21017884128433,97.83717185055659,False,
00:00:14.526,107.96143981861832,98.85,True,98.85
00:00:14.535,107.86289160183917,97.83717185055659,False,
00:00:14.636,106.66784232658456,97.83717185055659,False,
00:00:14.737,105.62212837002271,97.83717185055659,False,
00:00:14.838,104.6944383350599,97.83717185055659,False,
00:00:14.939,103.88562958990515,97.83717185055659,False,
00:00:15.040,103.16609498878339,97.83717185055659,False,
00:00:15.140,102.53747419059341,97.83717185055659,False,
00:00:15.241,101.97911711779672,97.83717185055659,False,
00:00:15.241,101.97055411356561,83.68,True,83.68
00:00:15.342,101.48810236814191,97.83717185055659,False,
00:00:15.442,101.05766127978559,97.83717185055659,False,
00:00:15.544,100.67409117725263,97.83717185055659,False,
00:00:15.645,100.33674363836897,97.83717185055659,False,
00:00:15.746,100.04060150589578,97.83717185055659,False,
00:00:15.846,99.78098888045761,97.83717185055659,False,
00:00:15.891,99.67109478993801,92.74,True,92.74
00:00:15.947,99.55051112921439,97.83717185055659,False,
00:00:16.047,99.34903707256917,97.83717185055659,False,
00:00:16.147,99.17052520508548,97.83717185055659,False,
00:00:16.248,99.01257815622638,97.83717185055659,False,
00:00:16.349,98.87312028580872,97.83717185055659,False,
00:00:16.450,98.75029796717736,97.83717185055659,False,
00:00:16.525,98.66652341659207,94.34,True,94.34
00:00:16.551,98.64180426691429,97.83717185055659,False,
00:00:16.652,98.54593462994441,97.83717185055659,False,
00:00:16.754,98.4613365033722,97.83717185055659,False,
00:00:16.854,98.38761197486218,97.83717185055659,False,
00:00:16.955,98.32194749436034,97.83717185055659,False,
00:00:17.057,98.26472715606427,97.83717185055659,False,
00:00:17.158,98.21316238452214,97.83717185055659,False,
00:00:17.206,98.1910647050685,88.5,True,88.5
00:00:17.259,98.16897162766324,97.83717185055659,False,
00:00:17.359,98.12986480115805,97.83717185055659,False,
00:00:17.459,98.09528170018473,97.83717185055659,False,
00:00:17.559,98.0648936372041,97.83717185055659,False,
00:00:17.661,98.03772193837038,97.83717185055659,False,
00:00:17.761,98.01400306930105,97.83717185055659,False,
00:00:17.838,97.99767269800552,94.49,True,94.49
00:00:17.862,97.99306635034708,97.83717185055659,False,
00:00:17.963,97.97458520493171,97.83717185055659,False,
00:00:18.064,97.95827121086981,97.83717185055659,False,
00:00:18.165,97.94395389488693,97.83717185055659,False,
00:00:18.266,97.83717185055659,97.83717185055659,False,
00:00:18.367,97.83717185055659,97.83717185055659,False,
00:00:18.434,97.83717185055659,100.84,True,100.84
00:00:18.467,97.83717185055659,97.83717185055659,False,
00:00:18.568,97.83717185055659,97.83717185055659,False,
00:00:18.668,97.83717185055659,97.83717185055659,False,
00:00:18.769,97.83717185055659,97.83717185055659,False,
00:00:18.870,97.83717185055659,97.83717185055659,False,
00:00:18.971,97.83717185055659,97.83717185055659,False,
00:00:19.071,97.83717185055659,97.83717185055659,False,
00:00:19.088,97.83717185055659,91.6,True,91.6
00:00:19.171,97.83717185055659,97.83717185055659,False,
00:00:19.272,97.83717185055659,97.83717185055659,False,
00:00:19.373,97.83717185055659,97.83717185055659,False,
00:00:19.474,97.83717185055659,97.83717185055659,False,
00:00:19.575,97.83717185055659,97.83717185055659,False,
00:00:19.676,97.83717185055659,97.83717185055659,False,
00:00:19.770,97.83717185055659,87.85,True,87.85
00:00:19.776,97.83717185055659,97.83717185055659,False,
00:00:19.878,97.83717185055659,97.83717185055659,False,
00:00:19.978,97.83717185055659,97.83717185055659,False,
00:00:20.080,97.83717185055659,97.83717185055659,False,
00:00:20.181,97.83717185055659,97.83717185055659,False,
00:00:20.282,97.83717185055659,97.83717185055659,False,
00:00:20.344,97.83717185055659,104.71,True,104.71
00:00:20.383,97.83717185055659,97.83717185055659,False,
00:00:20.484,97.83717185055659,97.83717185055659,False,
00:00:20.584,97.83717185055659,97.83717185055659,False,
00:00:20.685,97.83717185055659,97.83717185055659,False,
00:00:20.786,97.83717185055659,97.83717185055659,False,
00:00:20.887,97.83717185055659,97.83717185055659,False,
00:00:20.937,97.83717185055659,101.35,True,101.35
00:00:20.988,97.83717185055659,97.83717185055659,False,
00:00:21.088,96.50755483864498,83.58367827310065,False,
00:00:21.189,94.97269694112188,83.58367827310065,False,
00:00:21.289,93.63011668395251,83.58367827310065,False,
00:00:21.390,92.43796351133683,83.58367827310065,False,
00:00:21.491,91.38260703575574,83.58367827310065,False,
00:00:21.545,90.87582843713767,98.85,True,98.85
00:00:21.592,90.45909687723355,83.58367827310065,False,
00:00:21.693,89.645151603182,83.58367827310065,False,
00:00:21.794,88.92381703505582,83.58367827310065,False,
00:00:21.895,88.29054449393247,83.58367827310065,False,
00:00:21.996,87.73029303088566,83.58367827310065,False,
00:00:22.097,87.24055053156917,83.58367827310065,False,
00:00:22.133,87.07137690127233,101.87,True,101.87
00:00:22.197,86.8089204620426,83.58367827310065,False,
00:00:22.298,86.42733445526666,83.58367827310065,False,
00:00:22.398,86.09302066614423,83.58367827310065,False,
00:00:22.498,85.79660681327127,83.58367827310065,False,
00:00:22.599,85.53308515270288,83.58367827310065,False,
00:00:22.700,85.30285324564247,83.58367827310065,False,
00:00:22.771,85.15315900701736,93.9,True,93.9
00:00:22.800,85.09966505380885,83.58367827310065,False,
00:00:22.902,84.91866815436988,83.58367827310065,False,
00:00:23.004,84.75952554763708,83.58367827310065,False,
00:00:23.104,84.62080112822183,83.58367827310065,False,
00:00:23.204,84.49820987899263,83.58367827310065,False,
00:00:23.305,84.3903722753889,83.58367827310065,False,
00:00:23.395,84.30241486271333,96.15,True,96.15
00:00:23.406,84.29448775638754,83.58367827310065,False,
00:00:23.507,84.20992811292766,83.58367827310065,False,
00:00:23.608,84.1358154963626,83.58367827310065,False,
00:00:23.709,84.06982482115815,83.58367827310065,False,
00:00:23.810,84.01192499357794,83.58367827310065,False,
00:00:23.911,83.96119242077401,83.58367827310065,False,
00:00:24.012,83.91646681167813,83.58367827310065,False,
00:00:24.057,83.89765039376655,90.77,True,90.77
00:00:24.113,83.87697719495064,83.58367827310065,False,
00:00:24.214,83.84222404737137,83.58367827310065,False,
00:00:24.314,83.81178491764962,83.58367827310065,False,
00:00:24.414,83.78503430798776,83.58367827310065,False,
00:00:24.515,83.7612114219329,83.58367827310065,False,
00:00:24.615,83.74007542941973,83.58367827310065,False,
00:00:24.716,83.72168994293341,83.58367827310065,False,
00:00:24.790,83.70915247009978,81.86,True,81.86
00:00:24.817,83.70527054365907,83.58367827310065,False,
00:00:24.918,83.69080267678295,83.58367827310065,False,
00:00:25.019,83.58367827310065,83.58367827310065,False,
00:00:25.119,83.58367827310065,83.58367827310065,False,
00:00:25.220,83.58367827310065,83.58367827310065,False,
00:00:25.321,83.58367827310065,83.58367827310065,False,
00:00:25.422,83.58367827310065,83.58367827310065,False,
00:00:25.524,83.58367827310065,83.58367827310065,False,
00:00:25.601,83.58367827310065,74.53,True,74.53
00:00:25.624,83.58367827310065,83.58367827310065,False,
00:00:25.725,83.58367827310065,83.58367827310065,False,
00:00:25.826,83.58367827310065,83.58367827310065,False,
00:00:25.926,83.58367827310065,83.58367827310065,False,
00:00:26.027,83.58367827310065,83.58367827310065,False,
00:00:26.128,83.58367827310065,83.58367827310065,False,
00:00:26.229,83.58367827310065,83.58367827310065,False,
00:00:26.307,83.58367827310065,84.15,True,84.15
00:00:26.330,83.58367827310065,83.58367827310065,False,
00:00:26.431,83.58367827310065,83.58367827310065,False,
00:00:26.532,83.58367827310065,83.58367827310065,False,
00:00:26.633,83.58367827310065,83.58367827310065,False,
00:00:26.734,83.58367827310065,83.58367827310065,False,
00:00:26.836,83.58367827310065,83.58367827310065,False,
00:00:26.937,83.58367827310065,83.58367827310065,False,
00:00:27.013,83.58367827310065,85.11,True,85.11
00:00:27.038,83.58367827310065,83.58367827310065,False,
00:00:27.138,83.58367827310065,83.58367827310065,False,
00:00:27.239,83.58367827310065,83.58367827310065,False,
00:00:27.339,83.58367827310065,83.58367827310065,False,
00:00:27.439,83.58367827310065,83.58367827310065,False,
00:00:27.540,83.58367827310065,83.58367827310065,False,
00:00:27.642,83.58367827310065,83.58367827310065,False,
00:00:27.721,83.58367827310065,84.75,True,84.75
00:00:27.743,83.58367827310065,83.58367827310065,False,
00:00:27.843,83.58367827310065,83.58367827310065,False,
00:00:27.944,83.58367827310065,83.58367827310065,False,
00:00:28.044,88.15082339654171,140.4387780734436,False,
00:00:28.145,99.8400799600717,140.4387780734436,False,
00:00:28.246,108.95871342841907,140.4387780734436,False,
00:00:28.347,115.96700267062762,140.4387780734436,False,
00:00:28.417,119.98217016994585,86.33,True,86.33
00:00:28.448,121.45488695442954,140.4387780734436,False,
00:00:28.549,125.68947723732639,140.4387780734436,False,
00:00:28.650,128.98597869023007,140.4387780734436,False,
00:00:28.751,131.5469897333065,140.4387780734436,False,
00:00:28.852,133.53206109638583,140.4387780734436,False,
00:00:28.953,135.0663702673863,140.4387780734436,False,
00:00:29.054,136.26938993486786,140.4387780734436,False,
00:00:29.087,136.61740076454507,89.42,True,89.42
00:00:29.154,137.2011207869712,140.4387780734436,False,
00:00:29.255,137.91884680387233,140.4387780734436,False,
00:00:29.355,138.47837276163813,140.4387780734436,False,
00:00:29.456,138.91622689176987,140.4387780734436,False,
00:00:29.556,139.25606896283963,140.4387780734436,False,
00:00:29.599,139.38086761026872,118.81,True,118.81
00:00:29.657,139.5188140467982,140.4387780734436,False,
00:00:29.757,139.72243845609856,140.4387780734436,False,
00:00:29.858,139.88315405303334,140.4387780734436,False,
00:00:29.959,140.0069795858953,140.4387780734436,False,
00:00:30.061,140.10401246749925,140.4387780734436,False,
00:00:30.141,140.16640642254845,109.29,True,109.29
00:00:30.162,140.1792979137644,140.4387780734436,False,
00:00:30.263,140.2374470170023,140.4387780734436,False,
00:00:30.363,140.28198272428457,140.4387780734436,False,
00:00:30.464,140.31710320811092,140.4387780734436,False,
00:00:30.564,140.4387780734436,140.4387780734436,False,
00:00:30.665,140.4387780734436,140.4387780734436,False,
00:00:30.673,140.4387780734436,112.99,True,112.99
00:00:30.766,140.4387780734436,140.4387780734436,False,
00:00:30.867,140.4387780734436,140.4387780734436,False,
00:00:30.968,140.4387780734436,140.4387780734436,False,
00:00:31.069,140.4387780734436,140.4387780734436,False,
00:00:31.169,140.4387780734436,140.4387780734436,False,
00:00:31.238,140.4387780734436,106.19,True,106.19
00:00:31.270,140.4387780734436,140.4387780734436,False,
00:00:31.371,140.4387780734436,140.4387780734436,False,
00:00:31.471,140.4387780734436,140.4387780734436,False,
00:00:31.572,140.4387780734436,140.4387780734436,False,
00:00:31.674,140.4387780734436,140.4387780734436,False,
00:00:31.716,140.4387780734436,125.26,True,125.26
00:00:31.774,140.4387780734436,140.4387780734436,False,
00:00:31.874,140.4387780734436,140.4387780734436,False,
00:00:31.975,140.4387780734436,140.4387780734436,False,
00:00:32.076,140.4387780734436,140.4387780734436,False,
00:00:32.177,140.4387780734436,140.4387780734436,False,
00:00:32.228,140.4387780734436,117.19,True,117.19
00:00:32.279,140.4387780734436,140.4387780734436,False,
00:00:32.379,140.4387780734436,140.4387780734436,False,
00:00:32.480,140.4387780734436,140.4387780734436,False,
00:00:32.581,140.4387780734436,140.4387780734436,False,
00:00:32.682,140.4387780734436,140.4387780734436,False,
00:00:32.729,140.4387780734436,120.0,True,120.0
00:00:32.783,140.4387780734436,140.4387780734436,False,
00:00:32.884,140.4387780734436,140.4387780734436,False,
00:00:32.985,140.4387780734436,140.4387780734436,False,
00:00:33.087,140.4387780734436,140.4387780734436,False,
00:00:33.188,140.4387780734436,140.4387780734436,False,
00:00:33.283,140.4387780734436,108.7,True,108.7
00:00:33.288,140.4387780734436,140.4387780734436,False,
00:00:33.389,140.4387780734436,140.4387780734436,False,
00:00:33.490,140.4387780734436,140.4387780734436,False,
00:00:33.591,140.4387780734436,140.4387780734436,False,
00:00:33.692,140.4387780734436,140.4387780734436,False,
00:00:33.792,140.4387780734436,140.4387780734436,False,
00:00:33.804,140.4387780734436,114.72,True,114.72
00:00:33.893,140.4387780734436,140.4387780734436,False,
00:00:33.993,140.4387780734436,140.4387780734436,False,
00:00:34.094,140.4387780734436,140.4387780734436,False,
00:00:34.194,140.4387780734436,140.4387780734436,False,
00:00:34.295,140.4387780734436,140.4387780734436,False,
00:00:34.381,140.4387780734436,103.99,True,103.99
00:00:34.395,140.4387780734436,140.4387780734436,False,
00:00:34.495,140.4387780734436,140.4387780734436,False,
00:00:34.596,140.4387780734436,140.4387780734436,False,
00:00:34.697,140.4387780734436,140.4387780734436,False,
00:00:34.798,140.4387780734436,140.4387780734436,False,
00:00:34.898,140.4387780734436,140.4387780734436,False,
00:00:34.965,140.4387780734436,102.56,True,102.56
00:00:34.999,140.4387780734436,140.4387780734436,False,
00:00:35.099,135.66298372478613,94.76034423128704,False,
00:00:35.200,130.82881091933461,94.76034423128704,False,
00:00:35.301,126.54409260881143,94.76034423128704,False,
00:00:35.402,122.79538427231608,94.76034423128704,False,
00:00:35.503,119.46200378569164,94.76034423128704,False,
00:00:35.596,116.69616466915313,94.94,True,94.94
00:00:35.603,116.55300903595737,94.76034423128704,False,
00:00:35.703,113.9813993322461,94.76034423128704,False,
00:00:35.804,111.70594221960542,94.76034423128704,False,
00:00:35.905,109.68419849163557,94.76034423128704,False,
00:00:36.006,107.9250125452867,94.76034423128704,False,
00:00:36.107,106.36258619002847,94.76034423128704,False,
00:00:36.174,105.40773788956493,104.17,True,104.17
00:00:36.207,104.9949800748514,94.76034423128704,False,
00:00:36.307,103.78779405391997,94.76034423128704,False,
00:00:36.408,102.71596471324234,94.76034423128704,False,
00:00:36.509,101.77572706287147,94.76034423128704,False,
00:00:36.610,100.93827157115885,94.76034423128704,False,
00:00:36.711,100.21184106503132,94.76034423128704,False,
00:00:36.746,99.96350170347516,104.9,True,104.9
00:00:36.811,99.56779947097382,94.76034423128704,False,
00:00:36.912,98.99820910354231,94.76034423128704,False,
00:00:37.012,98.49451376104537,94.76034423128704,False,
00:00:37.113,98.05128263483459,94.76034423128704,False,
00:00:37.215,97.66130928277776,94.76034423128704,False,
00:00:37.301,97.35813015575538,107.91,True,107.91
00:00:37.316,97.31517820122897,94.76034423128704,False,
00:00:37.417,97.01163848424272,94.76034423128704,False,
00:00:37.518,96.74550023654066,94.76034423128704,False,
00:00:37.618,96.51134031295676,94.76034423128704,False,
00:00:37.718,96.30338733968587,94.76034423128704,False,
00:00:37.819,96.12086849634139,94.76034423128704,False,
00:00:37.920,95.96025440031043,94.76034423128704,False,
00:00:37.925,95.94967771840818,96.0,True,96.0
00:00:38.021,95.81776410640926,94.76034423128704,False,
00:00:38.122,95.69250561808882,94.76034423128704,False,
00:00:38.223,95.58147905672949,94.76034423128704,False,
00:00:38.323,95.48430605647371,94.76034423128704,False,
00:00:38.424,95.39868740562125,94.76034423128704,False,
00:00:38.484,95.35226464932143,107.72,True,107.72
00:00:38.525,95.32281779733452,94.76034423128704,False,
00:00:38.626,95.2561370293477,94.76034423128704,False,
00:00:38.726,95.19802173571424,94.76034423128704,False,
00:00:38.827,95.14582079966266,94.76034423128704,False,
00:00:38.928,95.10048144284988,94.76034423128704,False,
00:00:39.029,95.05989521936316,94.76034423128704,False,
00:00:39.106,95.03170712921174,96.31,True,96.31
00:00:39.130,95.02436620785468,94.76034423128704,False,
00:00:39.231,94.99295182340921,94.76034423128704,False,
00:00:39.333,94.96521811804618,94.76034423128704,False,
00:00:39.434,94.94082435318293,94.76034423128704,False,
00:00:39.535,94.91940227165482,94.76034423128704,False,
00:00:39.636,94.90053520122328,94.76034423128704,False,
00:00:39.736,94.88377282578256,95.24,True,95.24
00:00:39.740,94.88377282578256,94.76034423128704,False,
00:00:39.840,94.86888940891318,94.76034423128704,False,
00:00:39.941,94.76034423128704,94.76034423128704,False,
00:00:40.041,94.76034423128704,94.76034423128704,False,
00:00:40.141,94.76034423128704,94.76034423128704,False,
00:00:40.241,94.76034423128704,94.76034423128704,False,
00:00:40.342,94.76034423128704,94.76034423128704,False,
00:00:40.361,94.76034423128704,95.85,True,95.85
00:00:40.442,94.76034423128704,94.76034423128704,False,
00:00:40.543,94.76034423128704,94.76034423128704,False,
00:00:40.644,94.76034423128704,94.76034423128704,False,
00:00:40.745,94.76034423128704,94.76034423128704,False,
00:00:40.847,94.76034423128704,94.76034423128704,False,
00:00:40.948,94.76034423128704,94.76034423128704,False,
00:00:40.964,94.76034423128704,99.5,True,99.5
00:00:41.049,94.76034423128704,94.76034423128704,False,
00:00:41.150,94.76034423128704,94.76034423128704,False,
00:00:41.250,94.76034423128704,94.76034423128704,False,
00:00:41.352,94.76034423128704,94.76034423128704,False,
00:00:41.452,94.76034423128704,94.76034423128704,False,
00:00:41.553,94.76034423128704,94.76034423128704,False,
00:00:41.653,94.76034423128704,94.76034423128704,False,
00:00:41.702,94.76034423128704,81.41,True,81.41
00:00:41.754,94.76034423128704,94.76034423128704,False,
00:00:41.856,94.76034423128704,94.76034423128704,False,
00:00:41.956,94.76034423128704,94.76034423128704,False,
00:00:42.057,98.12504629712627,126.79905397312164,False,
00:00:42.158,104.53801046245876,126.79905397312164,False,
00:00:42.258,109.52473448784085,126.79905397312164,False,
00:00:42.273,110.21047403518882,105.08,True,105.08
00:00:42.358,113.33768256881757,126.79905397312164,False,
00:00:42.459,116.34467049668659,126.79905397312164,False,
00:00:42.560,118.67945900200775,126.79905397312164,False,
00:00:42.661,120.4983342662753,126.79905397312164,False,
00:00:42.762,121.90231857725108,126.79905397312164,False,
00:00:42.862,122.98606725154472,126.79905397312164,False,
00:00:42.963,123.83909676102604,126.79905397312164,False,
00:00:42.969,123.89139048822223,86.21,True,86.21
00:00:43.063,124.49513912559233,126.79905397312164,False,
00:00:43.165,125.0123591053323,126.79905397312164,False,
00:00:43.265,125.4110409647611,126.79905397312164,False,
00:00:43.366,125.71852388431799,126.79905397312164,False,
00:00:43.427,125.87643969879065,131.0,True,131.0
00:00:43.467,125.9610896239986,126.79905397312164,False,
00:00:43.567,126.14727864372601,126.79905397312164,False,
00:00:43.667,126.29196055915163,126.79905397312164,False,
00:00:43.768,126.40446841807099,126.79905397312164,False,
00:00:43.869,126.4929944477184,126.79905397312164,False,
00:00:43.932,126.53899989631145,119.52,True,119.52
00:00:43.970,126.56165909537205,126.79905397312164,False,
00:00:44.070,126.61446420749218,126.79905397312164,False,
00:00:44.171,126.65560727388204,126.79905397312164,False,
00:00:44.272,126.68764992145489,126.79905397312164,False,
00:00:44.373,126.79905397312164,126.79905397312164,False,
00:00:44.394,126.79905397312164,129.31,True,129.31
00:00:44.473,126.79905397312164,126.79905397312164,False,
00:00:44.573,126.79905397312164,126.79905397312164,False,
00:00:44.674,126.79905397312164,126.79905397312164,False,
00:00:44.776,126.79905397312164,126.79905397312164,False,
00:00:44.836,126.79905397312164,135.44,True,135.44
00:00:44.876,126.79905397312164,126.79905397312164,False,
00:00:44.977,126.79905397312164,126.79905397312164,False,
00:00:45.078,126.79905397312164,126.79905397312164,False,
00:00:45.179,126.79905397312164,126.79905397312164,False,
00:00:45.280,126.79905397312164,126.79905397312164,False,
00:00:45.381,126.79905397312164,126.79905397312164,False,
00:00:45.382,126.79905397312164,110.09,True,110.09
00:00:45.481,126.79905397312164,126.79905397312164,False,
00:00:45.582,126.79905397312164,126.79905397312164,False,
00:00:45.683,126.79905397312164,126.79905397312164,False,
00:00:45.783,126.79905397312164,126.79905397312164,False,
00:00:45.846,126.79905397312164,129.31,True,129.31
00:00:45.884,126.79905397312164,126.79905397312164,False,
00:00:45.985,126.79905397312164,126.79905397312164,False,
00:00:46.085,126.79905397312164,126.79905397312164,False,
00:00:46.186,126.79905397312164,126.79905397312164,False,
00:00:46.287,126.79905397312164,126.79905397312164,False,
00:00:46.377,126.79905397312164,112.78,True,112.78
00:00:46.388,126.79905397312164,126.79905397312164,False,
00:00:46.489,126.79905397312164,126.79905397312164,False,
00:00:46.590,126.79905397312164,126.79905397312164,False,
00:00:46.691,126.79905397312164,126.79905397312164,False,
00:00:46.791,126.79905397312164,126.79905397312164,False,
00:00:46.812,126.79905397312164,138.25,True,138.25
00:00:46.891,126.79905397312164,126.79905397312164,False,
00:00:46.991,126.79905397312164,126.79905397312164,False,
00:00:47.092,126.79905397312164,126.79905397312164,False,
00:00:47.193,126.79905397312164,126.79905397312164,False,
00:00:47.251,126.79905397312164,136.36,True,136.36
00:00:47.293,126.79905397312164,126.79905397312164,False,
00:00:47.395,126.79905397312164,126.79905397312164,False,
00:00:47.496,126.79905397312164,126.79905397312164,False,
00:00:47.596,126.79905397312164,126.79905397312164,False,
00:00:47.697,126.79905397312164,126.79905397312164,False,
00:00:47.721,126.79905397312164,128.76,True,128.76
00:00:47.797,126.79905397312164,126.79905397312164,False,
00:00:47.898,126.79905397312164,126.79905397312164,False,
00:00:47.998,126.79905397312164,126.79905397312164,False,
00:00:48.099,126.79905397312164,126.79905397312164,False,
00:00:48.200,126.79905397312164,126.79905397312164,False,
00:00:48.213,126.79905397312164,121.21,True,121.21
00:00:48.300,126.79905397312164,126.79905397312164,False,
00:00:48.401,126.79905397312164,126.79905397312164,False,
00:00:48.501,126.79905397312164,126.79905397312164,False,
00:00:48.602,126.79905397312164,126.79905397312164,False,
00:00:48.688,126.79905397312164,126.05,True,126.05
00:00:48.703,126.79905397312164,126.79905397312164,False,
00:00:48.804,126.79905397312164,126.79905397312164,False,
00:00:48.905,126.79905397312164,126.79905397312164,False,
00:00:49.006,126.79905397312164,126.79905397312164,False,
00:00:49.107,122.57010352094737,88.2238910156532,False,
00:00:49.181,119.47397405210943,121.7,True,121.7
00:00:49.208,118.47157962818666,88.2238910156532,False,
00:00:49.309,114.88092073364074,88.2238910156532,False,
00:00:49.410,111.7326561497767,88.2238910156532,False,
00:00:49.511,108.94600169900335,88.2238910156532,False,
00:00:49.611,106.50041945839139,88.2238910156532,False,
00:00:49.633,105.97767347115767,133.04,True,133.04
00:00:49.711,104.33755917761954,88.2238910156532,False,
00:00:49.812,102.43860161170807,88.2238910156532,False,
00:00:49.913,100.7562132998029,88.2238910156532,False,
00:00:50.013,99.27045252180599,88.2238910156532,False,
00:00:50.101,98.11372297905122,128.21,True,128.21
00:00:50.114,97.96044141792672,88.2238910156532,False,
00:00:50.214,96.81603084780488,88.2238910156532,False,
00:00:50.315,95.8000597613601,88.2238910156532,False,
00:00:50.415,94.90520918046492,88.2238910156532,False,
00:00:50.516,94.10990694231664,88.2238910156532,False,
00:00:50.618,93.40795072264422,88.2238910156532,False,
00:00:50.719,92.79138276430646,88.2238910156532,False,
00:00:50.794,92.37471403387786,86.46,True,86.46
00:00:50.819,92.25206916166584,88.2238910156532,False,
00:00:50.920,91.77677780313593,88.2238910156532,False,
00:00:51.021,91.35430072668777,88.2238910156532,False,
00:00:51.123,90.98133100901104,88.2238910156532,False,
00:00:51.224,90.65228131024114,88.2238910156532,False,
00:00:51.324,90.36510205128151,88.2238910156532,False,
00:00:51.408,90.14876434511876,98.04,True,98.04
00:00:51.424,90.11378916588998,88.2238910156532,False,
00:00:51.526,89.88846547619777,88.2238910156532,False,
00:00:51.627,89.69076908035434,88.2238910156532,False,
00:00:51.727,89.51742285030036,88.2238910156532,False,
00:00:51.828,89.36460783533148,88.2238910156532,False,
00:00:51.929,89.22890224520589,88.2238910156532,False,
00:00:52.030,89.10902802869039,88.2238910156532,False,
00:00:52.108,89.02532891565068,85.47,True,85.47
00:00:52.132,89.00382353184003,88.2238910156532,False,
00:00:52.232,88.91186289984121,88.2238910156532,False,
00:00:52.333,88.83022455731484,88.2238910156532,False,
00:00:52.434,88.75790121279168,88.2238910156532,False,
00:00:52.534,88.69503386792358,88.2238910156532,False,
00:00:52.635,88.63913632001596,88.2238910156532,False,
00:00:52.674,88.61891616971216,106.01,True,106.01
00:00:52.736,88.5900597714135,88.2238910156532,False,
00:00:52.836,88.54690924197423,88.2238910156532,False,
00:00:52.937,88.50857548500015,88.2238910156532,False,
00:00:53.039,88.47460482533668,88.2238910156532,False,
00:00:53.140,88.44476793170182,88.2238910156532,False,
00:00:53.240,88.41867009143475,88.2238910156532,False,
00:00:53.341,88.39568815473507,88.2238910156532,False,
00:00:53.434,88.37654175859686,78.95,True,78.95
00:00:53.441,88.37540575096253,88.2238910156532,False,
00:00:53.542,88.3574745772652,88.2238910156532,False,
00:00:53.643,88.34160587917043,88.2238910156532,False,
00:00:53.743,88.32769133424405,88.2238910156532,False,
00:00:53.844,88.2238910156532,88.2238910156532,False,
00:00:53.944,88.2238910156532,88.2238910156532,False,
00:00:54.010,88.2238910156532,104.35,True,104.35
00:00:54.045,88.2238910156532,88.2238910156532,False,
00:00:54.146,88.2238910156532,88.2238910156532,False,
00:00:54.246,88.2238910156532,88.2238910156532,False,
00:00:54.347,88.2238910156532,88.2238910156532,False,
00:00:54.448,88.2238910156532,88.2238910156532,False,
00:00:54.548,88.2238910156532,88.2238910156532,False,
00:00:54.649,88.2238910156532,88.2238910156532,False,
00:00:54.750,88.2238910156532,88.2238910156532,False,
00:00:54.763,88.2238910156532,79.68,True,79.68
00:00:54.851,88.2238910156532,88.2238910156532,False,
00:00:54.952,88.2238910156532,88.2238910156532,False,
00:00:55.052,88.2238910156532,88.2238910156532,False,
00:00:55.153,88.2238910156532,88.2238910156532,False,
00:00:55.254,88.2238910156532,88.2238910156532,False,
00:00:55.355,88.2238910156532,88.2238910156532,False,
00:00:55.412,88.2238910156532,92.45,True,92.45
00:00:55.455,88.2238910156532,88.2238910156532,False,
00:00:55.555,88.2238910156532,88.2238910156532,False,
00:00:55.656,88.2238910156532,88.2238910156532,False,
00:00:55.756,88.2238910156532,88.2238910156532,False,
00:00:55.858,88.2238910156532,88.2238910156532,False,
00:00:55.960,88.2238910156532,88.2238910156532,False,
00:00:56.060,92.13546152989599,124.63818403688842,False,
00:00:56.160,99.37873850165411,124.63818403688842,False,
00:00:56.213,102.56379385404531,74.91,True,74.91
00:00:56.262,105.03797690664277,124.63818403688842,False,
00:00:56.362,109.38347594898673,124.63818403688842,False,
00:00:56.463,112.7933824292819,124.63818403688842,False,
00:00:56.564,115.45561064862342,124.63818403688842,False,
00:00:56.664,117.49372548547214,124.63818403688842,False,
00:00:56.765,119.09742831963055,124.63818403688842,False,
00:00:56.866,120.32956707465951,124.63818403688842,False,
00:00:56.884,120.53674251065672,89.15,True,89.15
00:00:56.967,121.287681699967,124.63818403688842,False,
00:00:57.068,122.03643138101722,124.63818403688842,False,
00:00:57.169,122.62015934246726,124.63818403688842,False,
00:00:57.271,123.07408305791398,124.63818403688842,False,
00:00:57.372,123.4247671971325,124.63818403688842,False,
00:00:57.392,123.48825529188423,118.58,True,118.58
00:00:57.473,123.69676869854456,124.63818403688842,False,
00:00:57.574,123.90646132984637,124.63818403688842,False,
00:00:57.675,124.07020642832131,124.63818403688842,False,
00:00:57.777,124.19787999713186,124.63818403688842,False,
00:00:57.849,124.27198678783554,131.0,True,131.0
00:00:57.877,124.29596203181467,124.63818403688842,False,
00:00:57.979,124.37237098896152,124.63818403688842,False,
00:00:58.080,124.4321493559324,124.63818403688842,False,
00:00:58.181,124.47815386441202,124.63818403688842,False,
00:00:58.281,124.51366085420028,124.63818403688842,False,
00:00:58.296,124.5185935504641,134.83,True,134.83
00:00:58.381,124.63818403688842,124.63818403688842,False,
00:00:58.482,124.63818403688842,124.63818403688842,False,
00:00:58.584,124.63818403688842,124.63818403688842,False,
00:00:58.684,124.63818403688842,124.63818403688842,False,
00:00:58.784,124.63818403688842,124.63818403688842,False,
00:00:58.846,124.63818403688842,108.7,True,108.7
00:00:58.884,124.63818403688842,124.63818403688842,False,
00:00:58.986,124.63818403688842,124.63818403688842,False,
00:00:59.087,124.63818403688842,124.63818403688842,False,
00:00:59.188,124.63818403688842,124.63818403688842,False,
00:00:59.289,124.63818403688842,124.63818403688842,False,
00:00:59.390,124.63818403688842,124.63818403688842,False,
00:00:59.396,124.63818403688842,109.89,True,109.89
00:00:59.491,124.63818403688842,124.63818403688842,False,
00:00:59.591,124.63818403688842,124.63818403688842,False,
00:00:59.692,124.63818403688842,124.63818403688842,False,
00:00:59.792,124.63818403688842,124.63818403688842,False,
00:00:59.860,124.63818403688842,128.48,True,128.48
00:00:59.893,124.63818403688842,124.63818403688842,False,
00:00:59.994,124.63818403688842,124.63818403688842,False,
00:01:00.095,124.63818403688842,124.63818403688842,False,
00:01:00.195,124.63818403688842,124.63818403688842,False,
00:01:00.296,124.63818403688842,124.63818403688842,False,
00:01:00.398,124.63818403688842,124.63818403688842,False,
00:01:00.425,124.63818403688842,106.38,True,106.38
00:01:00.499,124.63818403688842,124.63818403688842,False,
00:01:00.599,124.63818403688842,124.63818403688842,False,
00:01:00.699,124.63818403688842,124.63818403688842,False,
00:01:00.800,124.63818403688842,124.63818403688842,False,
00:01:00.867,124.63818403688842,135.44,True,135.44
00:01:00.902,124.63818403688842,124.63818403688842,False,
00:01:01.003,124.63818403688842,124.63818403688842,False,
00:01:01.104,124.63818403688842,124.63818403688842,False,
00:01:01.205,124.63818403688842,124.63818403688842,False,
00:01:01.306,124.63818403688842,124.63818403688842,False,
00:01:01.331,124.63818403688842,129.31,True,129.31
00:01:01.408,124.63818403688842,124.63818403688842,False,
00:01:01.509,124.63818403688842,124.63818403688842,False,
00:01:01.610,124.63818403688842,124.63818403688842,False,
00:01:01.711,124.63818403688842,124.63818403688842,False,
00:01:01.787,124.63818403688842,131.58,True,131.58
00:01:01.811,124.63818403688842,124.63818403688842,False,
00:01:01.912,124.63818403688842,124.63818403688842,False,
00:01:02.013,124.63818403688842,124.63818403688842,False,
00:01:02.114,124.63818403688842,124.63818403688842,False,
00:01:02.215,124.63818403688842,124.63818403688842,False,
00:01:02.264,124.63818403688842,125.52,True,125.52
00:01:02.316,124.63818403688842,124.63818403688842,False,
00:01:02.417,124.63818403688842,124.63818403688842,False,
00:01:02.518,124.63818403688842,124.63818403688842,False,
00:01:02.619,124.63818403688842,124.63818403688842,False,
00:01:02.719,124.63818403688842,124.63818403688842,False,
00:01:02.775,124.63818403688842,118.11,True,118.11
00:01:02.820,124.63818403688842,124.63818403688842,False,
00:01:02.921,124.63818403688842,124.63818403688842,False,
00:01:03.021,124.91255628941613,140.3732859544458,False,
00:01:03.122,128.34941802123532,140.3732859544458,False,
00:01:03.222,131.03121591802665,140.3732859544458,False,
00:01:03.259,131.85723718534456,123.71,True,123.71
00:01:03.323,133.11855183967455,140.3732859544458,False,
00:01:03.424,134.73573389828368,140.3732859544458,False,
00:01:03.524,135.98173690762226,140.3732859544458,False,
00:01:03.625,136.96754054383544,140.3732859544458,False,
00:01:03.726,137.72915210268118,140.3732859544458,False,
00:01:03.755,137.92209888418378,120.72,True,120.72
00:01:03.827,138.3176905906796,140.3732859544458,False,
00:01:03.928,138.77807954504095,140.3732859544458,False,
00:01:04.028,139.13420039770247,140.3732859544458,False,
00:01:04.129,139.41050679147082,140.3732859544458,False,
00:01:04.230,139.6248650764662,140.3732859544458,False,
00:01:04.257,139.6770545290155,119.28,True,119.28
00:01:04.330,139.7911687225988,140.3732859544458,False,
00:01:04.431,139.92114113712918,140.3732859544458,False,
00:01:04.532,140.02199530444486,140.3732859544458,False,
00:01:04.633,140.10042478827194,140.3732859544458,False,
00:01:04.733,140.1613656182713,140.3732859544458,False,
00:01:04.739,140.16479676871535,125.0,True,125.0
00:01:04.834,140.20847686989427,140.3732859544458,False,
00:01:04.934,140.24498223561835,140.3732859544458,False,
00:01:05.035,140.2735268829134,140.3732859544458,False,
00:01:05.136,140.3732859544458,140.3732859544458,False,
00:01:05.173,140.3732859544458,137.93,True,137.93
00:01:05.237,140.3732859544458,140.3732859544458,False,
00:01:05.337,140.3732859544458,140.3732859544458,False,
00:01:05.437,140.3732859544458,140.3732859544458,False,
00:01:05.539,140.3732859544458,140.3732859544458,False,
00:01:05.640,140.3732859544458,140.3732859544458,False,
00:01:05.642,140.3732859544458,127.93,True,127.93
00:01:05.741,140.3732859544458,140.3732859544458,False,
00:01:05.841,140.3732859544458,140.3732859544458,False,
00:01:05.942,140.3732859544458,140.3732859544458,False,
00:01:06.043,140.3732859544458,140.3732859544458,False,
00:01:06.078,140.3732859544458,137.61,True,137.61
00:01:06.143,140.3732859544458,140.3732859544458,False,
00:01:06.243,140.3732859544458,140.3732859544458,False,
00:01:06.345,140.3732859544458,140.3732859544458,False,
00:01:06.445,140.3732859544458,140.3732859544458,False,
00:01:06.546,140.3732859544458,140.3732859544458,False,
00:01:06.591,140.3732859544458,116.73,True,116.73
00:01:06.647,140.3732859544458,140.3732859544458,False,
00:01:06.748,140.3732859544458,140.3732859544458,False,
00:01:06.850,140.3732859544458,140.3732859544458,False,
00:01:06.950,140.3732859544458,140.3732859544458,False,
00:01:07.014,140.3732859544458,141.84,True,141.84
00:01:07.051,140.3732859544458,140.3732859544458,False,
00:01:07.151,140.3732859544458,140.3732859544458,False,
00:01:07.252,140.3732859544458,140.3732859544458,False,
00:01:07.353,140.3732859544458,140.3732859544458,False,
00:01:07.454,140.3732859544458,140.3732859544458,False,
00:01:07.525,140.3732859544458,117.65,True,117.65
00:01:07.554,140.3732859544458,140.3732859544458,False,
00:01:07.655,140.3732859544458,140.3732859544458,False,
00:01:07.755,140.3732859544458,140.3732859544458,False,
00:01:07.856,140.3732859544458,140.3732859544458,False,
00:01:07.956,140.3732859544458,140.3732859544458,False,
00:01:07.968,140.3732859544458,135.44,True,135.44
00:01:08.057,140.3732859544458,140.3732859544458,False,
00:01:08.158,140.3732859544458,140.3732859544458,False,
00:01:08.258,140.3732859544458,140.3732859544458,False,
00:01:08.358,140.3732859544458,140.3732859544458,False,
00:01:08.438,140.3732859544458,127.66,True,127.66
00:01:08.459,140.3732859544458,140.3732859544458,False,
00:01:08.560,140.3732859544458,140.3732859544458,False,
00:01:08.660,140.3732859544458,140.3732859544458,False,
00:01:08.760,140.3732859544458,140.3732859544458,False,
00:01:08.861,140.3732859544458,140.3732859544458,False,
00:01:08.877,140.3732859544458,136.67,True,136.67
00:01:08.961,140.3732859544458,140.3732859544458,False,
00:01:09.062,140.3732859544458,140.3732859544458,False,
00:01:09.163,140.3732859544458,140.3732859544458,False,
00:01:09.264,140.3732859544458,140.3732859544458,False,
00:01:09.330,140.3732859544458,132.45,True,132.45
00:01:09.364,140.3732859544458,140.3732859544458,False,
00:01:09.465,140.3732859544458,140.3732859544458,False,
00:01:09.565,140.3732859544458,140.3732859544458,False,
00:01:09.666,140.3732859544458,140.3732859544458,False,
00:01:09.767,140.3732859544458,140.3732859544458,False,
00:01:09.785,140.3732859544458,132.16,True,132.16
00:01:09.868,140.3732859544458,140.3732859544458,False,
00:01:09.969,140.3732859544458,140.3732859544458,False,
00:01:10.070,141.99856699316288,153.1201330810582,False,
00:01:10.171,144.48502228894472,153.1201330810582,False,
00:01:10.252,146.1048532347681,127.93,True,127.93
00:01:10.271,146.40752295653752,153.1201330810582,False,
00:01:10.371,147.89526393169166,153.1201330810582,False,
00:01:10.472,149.05727824890886,153.1201330810582,False,
00:01:10.573,149.96912806138872,153.1201330810582,False,
00:01:10.645,150.49740005462843,153.06,True,153.06
00:01:10.674,150.67318692488976,153.1201330810582,False,
00:01:10.776,151.22265784192953,153.1201330810582,False,
00:01:10.877,151.64757572086205,153.1201330810582,False,
00:01:10.978,151.9759613667528,153.1201330810582,False,
00:01:11.078,152.2309063326416,153.1201330810582,False,
00:01:11.102,152.28560469662517,131.29,True,131.29
00:01:11.179,152.42950454517592,153.1201330810582,False,
00:01:11.280,152.5839617646993,153.1201330810582,False,
00:01:11.381,152.70383567625112,153.1201330810582,False,
00:01:11.481,152.79604750309628,153.1201330810582,False,
00:01:11.546,152.84580309177224,135.44,True,135.44
00:01:11.582,152.86831645093983,153.1201330810582,False,
00:01:11.683,152.9246328553512,153.1201330810582,False,
00:01:11.784,152.968300722874,153.1201330810582,False,
00:01:11.885,153.00231527946994,153.1201330810582,False,
00:01:11.963,153.1201330810582,143.54,True,143.54
00:01:11.986,153.1201330810582,153.1201330810582,False,
00:01:12.088,153.1201330810582,153.1201330810582,False,
00:01:12.189,153.1201330810582,153.1201330810582,False,
00:01:12.290,153.1201330810582,153.1201330810582,False,
00:01:12.365,153.1201330810582,148.88,True,148.88
00:01:12.391,153.1201330810582,153.1201330810582,False,
00:01:12.491,153.1201330810582,153.1201330810582,False,
00:01:12.591,153.1201330810582,153.1201330810582,False,
00:01:12.692,153.1201330810582,153.1201330810582,False,
00:01:12.778,153.1201330810582,145.28,True,145.28
00:01:12.792,153.1201330810582,153.1201330810582,False,
00:01:12.893,153.1201330810582,153.1201330810582,False,
00:01:12.993,153.1201330810582,153.1201330810582,False,
00:01:13.095,153.1201330810582,153.1201330810582,False,
00:01:13.172,153.1201330810582,152.67,True,152.67
00:01:13.196,153.1201330810582,153.1201330810582,False,
00:01:13.297,153.1201330810582,153.1201330810582,False,
00:01:13.397,153.1201330810582,153.1201330810582,False,
00:01:13.498,153.1201330810582,153.1201330810582,False,
00:01:13.598,153.1201330810582,153.1201330810582,False,
00:01:13.612,153.1201330810582,136.05,True,136.05
00:01:13.698,153.1201330810582,153.1201330810582,False,
00:01:13.799,153.1201330810582,153.1201330810582,False,
00:01:13.900,153.1201330810582,153.1201330810582,False,
00:01:13.940,153.1201330810582,183.49,True,183.49
00:01:14.001,153.1201330810582,153.1201330810582,False,
00:01:14.102,153.1201330810582,153.1201330810582,False,
00:01:14.202,153.1201330810582,153.1201330810582,False,
00:01:14.303,153.1201330810582,153.1201330810582,False,
00:01:14.404,153.1201330810582,153.1201330810582,False,
00:01:14.413,153.1201330810582,127.12,True,127.12
00:01:14.505,153.1201330810582,153.1201330810582,False,
00:01:14.606,153.1201330810582,153.1201330810582,False,
00:01:14.707,153.1201330810582,153.1201330810582,False,
00:01:14.734,153.1201330810582,186.92,True,186.92
00:01:14.807,153.1201330810582,153.1201330810582,False,
00:01:14.909,153.1201330810582,153.1201330810582,False,
00:01:15.009,153.1201330810582,153.1201330810582,False,
00:01:15.111,153.1201330810582,153.1201330810582,False,
00:01:15.165,153.1201330810582,138.89,True,138.89
00:01:15.211,153.1201330810582,153.1201330810582,False,
00:01:15.311,153.1201330810582,153.1201330810582,False,
00:01:15.412,153.1201330810582,153.1201330810582,False,
00:01:15.508,153.1201330810582,173.91,True,173.91
00:01:15.513,153.1201330810582,153.1201330810582,False,
00:01:15.614,153.1201330810582,153.1201330810582,False,
00:01:15.716,153.1201330810582,153.1201330810582,False,
00:01:15.816,153.1201330810582,153.1201330810582,False,
00:01:15.917,153.1201330810582,153.1201330810582,False,
00:01:15.943,153.1201330810582,138.57,True,138.57
00:01:16.018,153.1201330810582,153.1201330810582,False,
00:01:16.118,153.1201330810582,153.1201330810582,False,
00:01:16.220,153.1201330810582,153.1201330810582,False,
00:01:16.321,153.1201330810582,153.1201330810582,False,
00:01:16.326,153.1201330810582,156.25,True,156.25
00:01:16.421,153.1201330810582,153.1201330810582,False,
00:01:16.522,153.1201330810582,153.1201330810582,False,
00:01:16.624,153.1201330810582,153.1201330810582,False,
00:01:16.724,153.1201330810582,153.1201330810582,False,
00:01:16.812,153.1201330810582,123.46,True,123.46
00:01:16.826,153.1201330810582,153.1201330810582,False,
00:01:16.927,153.1201330810582,153.1201330810582,False,
00:01:17.027,152.34512172341337,99.01783895126879,False,
00:01:17.128,146.00279741366356,99.01783895126879,False,
00:01:17.137,145.40311381944733,185.19,True,185.19
00:01:17.229,140.45634772588085,99.01783895126879,False,
00:01:17.330,135.52963919431554,99.01783895126879,False,
00:01:17.431,131.17932378299554,99.01783895126879,False,
00:01:17.532,127.37849551075122,99.01783895126879,False,
00:01:17.583,125.54949848432925,134.23,True,134.23
00:01:17.632,124.03124859328226,99.01783895126879,False,
00:01:17.733,121.06046243763862,99.01783895126879,False,
00:01:17.833,118.45513929329732,99.01783895126879,False,
00:01:17.933,116.17295156473858,99.01783895126879,False,
00:01:17.939,116.02805534585018,169.97,True,169.97
00:01:18.034,114.15054366168849,99.01783895126879,False,
00:01:18.135,112.35203282324467,99.01783895126879,False,
00:01:18.235,110.78221596000448,99.01783895126879,False,
00:01:18.336,109.3802401297559,99.01783895126879,False,
00:01:18.421,108.32087505135702,123.97,True,123.97
00:01:18.437,108.15618460913106,99.01783895126879,False,
00:01:18.537,107.07794111959413,99.01783895126879,False,
00:01:18.638,106.12277034824484,99.01783895126879,False,
00:01:18.738,105.28247692122736,99.01783895126879,False,
00:01:18.839,104.53960598295716,99.01783895126879,False,
00:01:18.922,103.98926901162909,119.52,True,119.52
00:01:18.940,103.88664340494074,99.01783895126879,False,
00:01:19.040,103.3135857325697,99.01783895126879,False,
00:01:19.141,102.80516981259393,99.01783895126879,False,
00:01:19.242,102.35275061406652,99.01783895126879,False,
00:01:19.343,101.95986515234011,99.01783895126879,False,
00:01:19.444,101.60998190309408,99.01783895126879,False,
00:01:19.465,101.53700375294407,111.73,True,111.73
00:01:19.545,101.30096531369512,99.01783895126879,False,
00:01:19.646,101.03031318151,99.01783895126879,False,
00:01:19.747,100.79141035266885,99.01783895126879,False,
00:01:19.847,100.58180047938215,99.01783895126879,False,
00:01:19.949,100.39543316379132,99.01783895126879,False,
00:01:20.049,100.23260656797336,99.01783895126879,False,
00:01:20.081,100.18451765127931,97.4,True,97.4
00:01:20.149,100.08998094460124,99.01783895126879,False,
00:01:20.250,99.9627283186701,99.01783895126879,False,
00:01:20.351,99.85026008075057,99.01783895126879,False,
00:01:20.452,99.75184756023451,99.01783895126879,False,
00:01:20.553,99.66502001336227,99.01783895126879,False,
00:01:20.597,99.62924995849583,115.16,True,115.16
00:01:20.654,99.58794566696083,99.01783895126879,False,
00:01:20.754,99.52060834412475,99.01783895126879,False,
00:01:20.855,99.46092697880329,99.01783895126879,False,
00:01:20.957,99.40812337935465,99.01783895126879,False,
00:01:21.058,99.36179141159478,99.01783895126879,False,
00:01:21.159,99.32111158751938,99.01783895126879,False,
00:01:21.260,99.28488771658199,99.01783895126879,False,
00:01:21.288,99.27514519770234,86.83,True,86.83
00:01:21.362,99.25292905915654,99.01783895126879,False,
00:01:21.463,99.22514225792115,99.01783895126879,False,
00:01:21.563,99.20068007453615,99.01783895126879,False,
00:01:21.664,99.17887864686244,99.01783895126879,False,
00:01:21.765,99.15989608980664,99.01783895126879,False,
00:01:21.865,99.14304423680724,99.01783895126879,False,
00:01:21.909,99.13618986591626,96.62,True,96.62
00:01:21.967,99.12811489386347,99.01783895126879,False,
00:01:22.067,99.01783895126879,99.01783895126879,False,
00:01:22.168,99.01783895126879,99.01783895126879,False,
00:01:22.269,99.01783895126879,99.01783895126879,False,
00:01:22.370,99.01783895126879,99.01783895126879,False,
00:01:22.470,99.01783895126879,99.01783895126879,False,
00:01:22.570,99.01783895126879,99.01783895126879,False,
00:01:22.671,99.01783895126879,99.01783895126879,False,
00:01:22.707,99.01783895126879,75.09,True,75.09
00:01:22.772,99.01783895126879,99.01783895126879,False,
00:01:22.873,99.01783895126879,99.01783895126879,False,
00:01:22.973,99.01783895126879,99.01783895126879,False,
00:01:23.074,99.01783895126879,99.01783895126879,False,
00:01:23.113,99.01783895126879,148.15,True,148.15
00:01:23.175,99.01783895126879,99.01783895126879,False,
00:01:23.276,99.01783895126879,99.01783895126879,False,
00:01:23.377,99.01783895126879,99.01783895126879,False,
00:01:23.478,99.01783895126879,99.01783895126879,False,
00:01:23.580,99.01783895126879,99.01783895126879,False,
00:01:23.681,99.01783895126879,99.01783895126879,False,
00:01:23.781,99.01783895126879,99.01783895126879,False,
00:01:23.811,99.01783895126879,85.96,True,85.96
00:01:23.882,99.01783895126879,99.01783895126879,False,
00:01:23.982,99.01783895126879,99.01783895126879,False,
00:01:24.083,101.56481185320992,115.51585400686767,False,
00:01:24.184,104.66964380529373,115.51585400686767,False,
00:01:24.285,107.10044261517476,115.51585400686767,False,
00:01:24.342,108.24160493946947,113.21,True,113.21
00:01:24.386,108.98534492979793,115.51585400686767,False,
00:01:24.486,110.44073117269977,115.51585400686767,False,
00:01:24.587,111.56009861909776,115.51585400686767,False,
00:01:24.687,112.44047495557625,115.51585400686767,False,
00:01:24.788,113.12500743227024,115.51585400686767,False,
00:01:24.889,113.66015374647624,115.51585400686767,False,
00:01:24.974,114.02510545627031,94.79,True,94.79
00:01:24.989,114.07285548226689,115.51585400686767,False,
00:01:25.090,114.39515386747614,115.51585400686767,False,
00:01:25.190,114.64537657048302,115.51585400686767,False,
00:01:25.290,114.83737785482032,115.51585400686767,False,
00:01:25.391,114.98900101399778,115.51585400686767,False,
00:01:25.492,115.10610531902394,115.51585400686767,False,
00:01:25.551,115.1639788750079,104.17,True,104.17
00:01:25.592,115.19761618098148,115.51585400686767,False,
00:01:25.693,115.26837748033945,115.51585400686767,False,
00:01:25.794,115.32400906931032,115.51585400686767,False,
00:01:25.896,115.36692566273648,115.51585400686767,False,
00:01:25.997,115.4003646071684,115.51585400686767,False,
00:01:26.097,115.51585400686767,115.51585400686767,False,
00:01:26.107,115.51585400686767,107.72,True,107.72
00:01:26.198,115.51585400686767,115.51585400686767,False,
00:01:26.299,115.51585400686767,115.51585400686767,False,
00:01:26.401,115.51585400686767,115.51585400686767,False,
00:01:26.502,115.51585400686767,115.51585400686767,False,
00:01:26.600,115.51585400686767,122.2,True,122.2
00:01:26.605,115.51585400686767,115.51585400686767,False,
00:01:26.705,115.51585400686767,115.51585400686767,False,
00:01:26.807,115.51585400686767,115.51585400686767,False,
00:01:26.907,115.51585400686767,115.51585400686767,False,
00:01:27.008,115.51585400686767,115.51585400686767,False,
00:01:27.109,115.51585400686767,115.51585400686767,False,
00:01:27.155,115.51585400686767,107.72,True,107.72
00:01:27.209,115.51585400686767,115.51585400686767,False,
00:01:27.311,115.51585400686767,115.51585400686767,False,
00:01:27.411,115.51585400686767,115.51585400686767,False,
00:01:27.512,115.51585400686767,115.51585400686767,False,
00:01:27.577,115.51585400686767,142.18,True,142.18
00:01:27.614,115.51585400686767,115.51585400686767,False,
00:01:27.714,115.51585400686767,115.51585400686767,False,
00:01:27.815,115.51585400686767,115.51585400686767,False,
00:01:27.917,115.51585400686767,115.51585400686767,False,
00:01:28.018,115.51585400686767,115.51585400686767,False,
00:01:28.079,115.51585400686767,119.52,True,119.52
00:01:28.119,115.51585400686767,115.51585400686767,False,
00:01:28.220,115.51585400686767,115.51585400686767,False,
00:01:28.321,115.51585400686767,115.51585400686767,False,
00:01:28.422,115.51585400686767,115.51585400686767,False,
00:01:28.522,115.51585400686767,115.51585400686767,False,
00:01:28.581,115.51585400686767,120.97,True,120.97
00:01:28.622,115.51585400686767,115.51585400686767,False,
00:01:28.723,115.51585400686767,115.51585400686767,False,
00:01:28.823,115.51585400686767,115.51585400686767,False,
00:01:28.923,115.51585400686767,115.51585400686767,False,
00:01:29.024,115.51585400686767,115.51585400686767,False,
00:01:29.099,115.51585400686767,114.29,True,114.29
00:01:29.125,115.51585400686767,115.51585400686767,False,
00:01:29.226,115.51585400686767,115.51585400686767,False,
00:01:29.326,115.51585400686767,115.51585400686767,False,
00:01:29.428,115.51585400686767,115.51585400686767,False,
00:01:29.528,115.51585400686767,115.51585400686767,False,
00:01:29.629,115.51585400686767,115.51585400686767,False,
00:01:29.674,115.51585400686767,104.53,True,104.53
00:01:29.729,115.51585400686767,115.51585400686767,False,
00:01:29.831,115.51585400686767,115.51585400686767,False,
00:01:29.932,115.51585400686767,115.51585400686767,False,
00:01:30.032,115.51585400686767,115.51585400686767,False,
00:01:30.133,115.51585400686767,115.51585400686767,False,
00:01:30.234,115.51585400686767,115.51585400686767,False,
00:01:30.234,115.51585400686767,106.95,True,106.95
00:01:30.334,115.51585400686767,115.51585400686767,False,
00:01:30.435,115.51585400686767,115.51585400686767,False,
00:01:30.535,115.51585400686767,115.51585400686767,False,
00:01:30.635,115.51585400686767,115.51585400686767,False,
00:01:30.721,115.51585400686767,123.46,True,123.46
00:01:30.736,115.51585400686767,115.51585400686767,False,
00:01:30.837,115.51585400686767,115.51585400686767,False,
00:01:30.938,115.51585400686767,115.51585400686767,False,
00:01:31.038,115.19686565222857,103.29212261246818,False,
00:01:31.138,113.79952953955188,103.29212261246818,False,
00:01:31.239,112.5518481966388,103.29212261246818,False,
00:01:31.260,112.3024347314667,113.21,True,113.21
00:01:31.341,111.44943562053987,103.29212261246818,False,
00:01:31.442,110.47941297102125,103.29212261246818,False,
00:01:31.543,109.62653429166483,103.29212261246818,False,
00:01:31.644,108.87222896810329,103.29212261246818,False,
00:01:31.744,108.21458288830345,103.29212261246818,False,
00:01:31.805,107.84551102198253,108.11,True,108.11
00:01:31.845,107.63315029097794,103.29212261246818,False,
00:01:31.946,107.1183619490468,103.29212261246818,False,
00:01:32.047,106.66170786330942,103.29212261246818,False,
00:01:32.148,106.26325036016512,103.29212261246818,False,
00:01:32.249,105.91023080560582,103.29212261246818,False,
00:01:32.290,105.77359644173872,123.71,True,123.71
00:01:32.350,105.5985337020779,103.29212261246818,False,
00:01:32.451,105.32434702204583,103.29212261246818,False,
00:01:32.552,105.08366973354126,103.29212261246818,False,
00:01:32.652,104.87259917529406,103.29212261246818,False,
00:01:32.753,104.68586332342619,103.29212261246818,False,
00:01:32.818,104.57334997451379,113.85,True,113.85
00:01:32.854,104.51958467507075,103.29212261246818,False,
00:01:32.955,104.37431767164911,103.29212261246818,False,
00:01:33.056,104.24613297387887,103.29212261246818,False,
00:01:33.157,104.13275174058494,103.29212261246818,False,
00:01:33.257,104.03343908134812,103.29212261246818,False,
00:01:33.298,103.99542802635959,125.0,True,125.0
00:01:33.358,103.94520263350776,103.29212261246818,False,
00:01:33.459,103.86757527709278,103.29212261246818,False,
00:01:33.559,103.79998588063427,103.29212261246818,False,
00:01:33.660,103.7401256234161,103.29212261246818,False,
00:01:33.761,103.6869020170706,103.29212261246818,False,
00:01:33.862,103.6399673632859,103.29212261246818,False,
00:01:33.911,103.6189722316694,98.04,True,98.04
00:01:33.963,103.59842643929707,103.29212261246818,False,
00:01:34.064,103.56240122991248,103.29212261246818,False,
00:01:34.165,103.53016898486626,103.29212261246818,False,
00:01:34.265,103.50211073884854,103.29212261246818,False,
00:01:34.366,103.47714328189733,103.29212261246818,False,
00:01:34.467,103.45527291173279,103.29212261246818,False,
00:01:34.504,103.44761903496945,101.18,True,101.18
00:01:34.568,103.43592114463162,103.29212261246818,False,
00:01:34.669,103.41886194015177,103.29212261246818,False,
00:01:34.770,103.40382119399982,103.29212261246818,False,
00:01:34.870,103.29212261246818,103.29212261246818,False,
00:01:34.971,103.29212261246818,103.29212261246818,False,
00:01:35.072,103.29212261246818,103.29212261246818,False,
00:01:35.124,103.29212261246818,96.62,True,96.62
00:01:35.172,103.29212261246818,103.29212261246818,False,
00:01:35.274,103.29212261246818,103.29212261246818,False,
00:01:35.375,103.29212261246818,103.29212261246818,False,
00:01:35.476,103.29212261246818,103.29212261246818,False,
00:01:35.577,103.29212261246818,103.29212261246818,False,
00:01:35.678,103.29212261246818,103.29212261246818,False,
00:01:35.707,103.29212261246818,103.09,True,103.09
00:01:35.779,103.29212261246818,103.29212261246818,False,
00:01:35.880,103.29212261246818,103.29212261246818,False,
00:01:35.980,103.29212261246818,103.29212261246818,False,
00:01:36.081,103.29212261246818,103.29212261246818,False,
00:01:36.182,103.29212261246818,103.29212261246818,False,
00:01:36.282,103.29212261246818,103.29212261246818,False,
00:01:36.307,103.29212261246818,99.83,True,99.83
00:01:36.383,103.29212261246818,103.29212261246818,False,
00:01:36.484,103.29212261246818,103.29212261246818,False,
00:01:36.585,103.29212261246818,103.29212261246818,False,
00:01:36.686,103.29212261246818,103.29212261246818,False,
00:01:36.786,103.29212261246818,103.29212261246818,False,
00:01:36.875,103.29212261246818,106.76,True,106.76
00:01:36.887,103.29212261246818,103.29212261246818,False,
00:01:36.988,103.29212261246818,103.29212261246818,False,
00:01:37.088,103.29212261246818,103.29212261246818,False,
00:01:37.188,103.29212261246818,103.29212261246818,False,
00:01:37.288,103.29212261246818,103.29212261246818,False,
00:01:37.389,103.29212261246818,103.29212261246818,False,
00:01:37.490,103.29212261246818,103.29212261246818,False,
00:01:37.496,103.29212261246818,95.69,True,95.69
00:01:37.590,103.29212261246818,103.29212261246818,False,
00:01:37.691,103.29212261246818,103.29212261246818,False,
00:01:37.791,103.29212261246818,103.29212261246818,False,
00:01:37.892,103.29212261246818,103.29212261246818,False,
00:01:37.992,103.29212261246818,103.29212261246818,False,
00:01:38.094,101.7621298840153,86.47220982267761,False,
00:01:38.119,101.25655818443667,96.46,True,96.46
00:01:38.195,99.94020826054127,86.47220982267761,False,
00:01:38.295,98.35310041637428,86.47220982267761,False,
00:01:38.396,96.94445145792334,86.47220982267761,False,
00:01:38.497,95.69942683964368,86.47220982267761,False,
00:01:38.598,94.60745363388614,86.47220982267761,False,
00:01:38.694,93.67066294499665,103.99,True,103.99
00:01:38.699,93.67066294499665,86.47220982267761,False,
00:01:38.800,92.7878484813833,86.47220982267761,False,
00:01:38.900,92.04470398852129,86.47220982267761,False,
00:01:39.001,91.38521344110958,86.47220982267761,False,
00:01:39.102,90.80300995969716,86.47220982267761,False,
00:01:39.202,90.2904534300617,86.47220982267761,False,
00:01:39.302,89.84100871544,86.47220982267761,False,
00:01:39.340,89.68141182708818,93.17,True,93.17
00:01:39.404,89.43915788392293,86.47220982267761,False,
00:01:39.505,89.08593719560547,86.47220982267761,False,
00:01:39.607,88.77469974304529,86.47220982267761,False,
00:01:39.707,88.50238604756696,86.47220982267761,False,
00:01:39.808,88.26120929857389,86.47220982267761,False,
00:01:39.909,88.04924243432774,86.47220982267761,False,
00:01:39.975,87.92193254022354,94.49,True,94.49
00:01:40.009,87.8632357129017,86.47220982267761,False,
00:01:40.110,87.69808134544164,86.47220982267761,False,
00:01:40.212,87.55192691754569,86.47220982267761,False,
00:01:40.313,87.42328600904071,86.47220982267761,False,
00:01:40.414,87.31110501796982,86.47220982267761,False,
00:01:40.514,87.2120362267302,86.47220982267761,False,
00:01:40.615,87.1239131419937,86.47220982267761,False,
00:01:40.615,87.12261495730492,93.31,True,93.31
00:01:40.716,87.04685841729416,86.47220982267761,False,
00:01:40.817,86.97825941340966,86.47220982267761,False,
00:01:40.918,86.91815121287289,86.47220982267761,False,
00:01:41.019,86.86529659788685,86.47220982267761,False,
00:01:41.120,86.81864978784198,86.47220982267761,False,
00:01:41.222,86.77725223058845,86.47220982267761,False,
00:01:41.255,86.76445724731748,94.19,True,94.19
00:01:41.323,86.74104668174587,86.47220982267761,False,
00:01:41.423,86.70933181070481,86.47220982267761,False,
00:01:41.524,86.681277604234,86.47220982267761,False,
00:01:41.625,86.65649428484953,86.47220982267761,False,
00:01:41.725,86.63476879853533,86.47220982267761,False,
00:01:41.826,86.61552559818413,86.47220982267761,False,
00:01:41.926,86.59867843136335,86.47220982267761,False,
00:01:41.952,86.59436349899964,86.08,True,86.08
00:01:42.027,86.58365054268063,86.47220982267761,False,
00:01:42.127,86.47220982267761,86.47220982267761,False,
00:01:42.227,86.47220982267761,86.47220982267761,False,
00:01:42.328,86.47220982267761,86.47220982267761,False,
00:01:42.428,86.47220982267761,86.47220982267761,False,
00:01:42.529,86.47220982267761,86.47220982267761,False,
00:01:42.565,86.47220982267761,97.72,True,97.72
00:01:42.629,86.47220982267761,86.47220982267761,False,
00:01:42.729,86.47220982267761,86.47220982267761,False,
00:01:42.830,86.47220982267761,86.47220982267761,False,
00:01:42.932,86.47220982267761,86.47220982267761,False,
00:01:43.033,86.47220982267761,86.47220982267761,False,
00:01:43.133,86.47220982267761,86.47220982267761,False,
00:01:43.209,86.47220982267761,93.31,True,93.31
00:01:43.234,86.47220982267761,86.47220982267761,False,
00:01:43.334,86.47220982267761,86.47220982267761,False,
00:01:43.435,86.47220982267761,86.47220982267761,False,
00:01:43.536,86.47220982267761,86.47220982267761,False,
00:01:43.636,86.47220982267761,86.47220982267761,False,
00:01:43.736,86.47220982267761,86.47220982267761,False,
00:01:43.824,86.47220982267761,97.4,True,97.4
00:01:43.837,86.47220982267761,86.47220982267761,False,
00:01:43.939,86.47220982267761,86.47220982267761,False,
00:01:44.039,86.47220982267761,86.47220982267761,False,
00:01:44.140,86.47220982267761,86.47220982267761,False,
00:01:44.241,86.47220982267761,86.47220982267761,False,
00:01:44.341,86.47220982267761,86.47220982267761,False,
00:01:44.388,86.47220982267761,106.57,True,106.57
00:01:44.441,86.47220982267761,86.47220982267761,False,
00:01:44.542,86.47220982267761,86.47220982267761,False,
00:01:44.643,86.47220982267761,86.47220982267761,False,
00:01:44.744,86.47220982267761,86.47220982267761,False,
00:01:44.844,86.47220982267761,86.47220982267761,False,
00:01:44.945,86.47220982267761,86.47220982267761,False,
00:01:44.997,86.47220982267761,98.36,True,98.36
00:01:45.046,87.92055103212572,107.60583013638409,False,
00:01:45.147,92.2947764047402,107.60583013638409,False,
00:01:45.248,95.73302384924084,107.60583013638409,False,
00:01:45.348,98.37403768115978,107.60583013638409,False,
00:01:45.449,100.41934173015542,107.60583013638409,False,
00:01:45.550,102.03182797579301,107.60583013638409,False,
00:01:45.651,103.28106154371892,107.60583013638409,False,
00:01:45.695,103.74911328252344,85.84,True,85.84
00:01:45.752,104.24314255741665,107.60583013638409,False,
00:01:45.852,104.99191892613224,107.60583013638409,False,
00:01:45.953,105.57535879707616,107.60583013638409,False,
00:01:46.053,106.02603114920046,107.60583013638409,False,
00:01:46.154,106.37694782843724,107.60583013638409,False,
00:01:46.255,106.65312275442145,107.60583013638409,False,
00:01:46.271,106.69445551238681,104.35,True,104.35
00:01:46.357,106.86696603624016,107.60583013638409,False,
00:01:46.458,107.0325987569741,107.60583013638409,False,
00:01:46.559,107.16096313314232,107.60583013638409,False,
00:01:46.659,107.2597302537708,107.60583013638409,False,
00:01:46.761,107.33712367845916,107.60583013638409,False,
00:01:46.862,107.39752824921283,107.60583013638409,False,
00:01:46.950,107.43925745193498,88.37,True,88.37
00:01:46.964,107.4442812051054,107.60583013638409,False,
00:01:47.064,107.48031361430402,107.60583013638409,False,
00:01:47.166,107.60583013638409,107.60583013638409,False,
00:01:47.266,107.60583013638409,107.60583013638409,False,
00:01:47.368,107.60583013638409,107.60583013638409,False,
00:01:47.469,107.60583013638409,107.60583013638409,False,
00:01:47.569,107.60583013638409,107.60583013638409,False,
00:01:47.626,107.60583013638409,89.42,True,89.42
00:01:47.670,107.60583013638409,107.60583013638409,False,
00:01:47.770,107.60583013638409,107.60583013638409,False,
00:01:47.870,107.60583013638409,107.60583013638409,False,
00:01:47.971,107.60583013638409,107.60583013638409,False,
00:01:48.071,107.60583013638409,107.60583013638409,False,
00:01:48.172,107.60583013638409,107.60583013638409,False,
00:01:48.273,107.60583013638409,107.60583013638409,False,
00:01:48.301,107.60583013638409,88.37,True,88.37
00:01:48.373,107.60583013638409,107.60583013638409,False,
00:01:48.474,107.60583013638409,107.60583013638409,False,
00:01:48.574,107.60583013638409,107.60583013638409,False,
00:01:48.675,107.60583013638409,107.60583013638409,False,
00:01:48.776,107.60583013638409,107.60583013638409,False,
00:01:48.877,107.60583013638409,107.60583013638409,False,
00:01:48.957,107.60583013638409,91.88,True,91.88
00:01:48.979,107.60583013638409,107.60583013638409,False,
00:01:49.080,107.60583013638409,107.60583013638409,False,
00:01:49.180,107.60583013638409,107.60583013638409,False,
00:01:49.281,107.60583013638409,107.60583013638409,False,
00:01:49.382,107.60583013638409,107.60583013638409,False,
00:01:49.482,107.60583013638409,107.60583013638409,False,
00:01:49.582,107.60583013638409,107.60583013638409,False,
00:01:49.675,107.60583013638409,83.68,True,83.68
00:01:49.683,107.60583013638409,107.60583013638409,False,
00:01:49.784,107.60583013638409,107.60583013638409,False,
00:01:49.884,107.60583013638409,107.60583013638409,False,
00:01:49.985,107.60583013638409,107.60583013638409,False,
00:01:50.085,107.60583013638409,107.60583013638409,False,
00:01:50.186,107.60583013638409,107.60583013638409,False,
00:01:50.194,107.60583013638409,114.94,True,114.94
00:01:50.287,107.60583013638409,107.60583013638409,False,
00:01:50.388,107.60583013638409,107.60583013638409,False,
00:01:50.488,107.60583013638409,107.60583013638409,False,
00:01:50.589,107.60583013638409,107.60583013638409,False,
00:01:50.690,107.60583013638409,107.60583013638409,False,
00:01:50.790,107.60583013638409,107.60583013638409,False,
00:01:50.794,107.60583013638409,99.83,True,99.83
00:01:50.890,107.60583013638409,107.60583013638409,False,
00:01:50.990,107.60583013638409,107.60583013638409,False,
00:01:51.091,107.60583013638409,107.60583013638409,False,
00:01:51.192,107.60583013638409,107.60583013638409,False,
00:01:51.293,107.60583013638409,107.60583013638409,False,
00:01:51.393,107.60583013638409,107.60583013638409,False,
00:01:51.416,107.60583013638409,97.4,True,97.4
00:01:51.494,107.60583013638409,107.60583013638409,False,
00:01:51.596,107.60583013638409,107.60583013638409,False,
00:01:51.696,107.60583013638409,107.60583013638409,False,
00:01:51.796,107.60583013638409,107.60583013638409,False,
00:01:51.897,107.60583013638409,107.60583013638409,False,
00:01:51.997,107.60583013638409,107.60583013638409,False,
00:01:52.009,107.60583013638409,100.0,True,100.0
00:01:52.098,115.61535417534154,152.28767233099413,False,
00:01:52.200,123.84586761132267,152.28767233099413,False,
00:01:52.300,130.1499683127155,152.28767233099413,False,
00:01:52.400,135.0680696819941,152.28767233099413,False,
00:01:52.502,138.9365418550009,152.28767233099413,False,
00:01:52.583,141.431607090629,104.53,True,104.53
00:01:52.602,141.91034204723132,152.28767233099413,False,
00:01:52.703,144.22224642001044,152.28767233099413,False,
00:01:52.804,146.02669829020363,152.28767233099413,False,
00:01:52.905,147.42856705438825,152.28767233099413,False,
00:01:53.006,148.51942553419167,152.28767233099413,False,
00:01:53.107,149.35744108386132,152.28767233099413,False,
00:01:53.162,149.74479623684852,103.81,True,103.81
00:01:53.208,150.01035176848623,152.28767233099413,False,
00:01:53.308,150.5174026648778,152.28767233099413,False,
00:01:53.409,150.91395689868835,152.28767233099413,False,
00:01:53.510,151.22034903953167,152.28767233099413,False,
00:01:53.611,151.45755576941025,152.28767233099413,False,
00:01:53.683,151.59810381761943,114.94,True,114.94
00:01:53.711,151.6423320684969,152.28767233099413,False,
00:01:53.812,151.7861663087592,152.28767233099413,False,
00:01:53.913,151.89814089041388,152.28767233099413,False,
00:01:54.013,151.98485337777356,152.28767233099413,False,
00:01:54.114,152.05233297183912,152.28767233099413,False,
00:01:54.162,152.07985887476826,125.52,True,125.52
00:01:54.215,152.10511458616656,152.28767233099413,False,
00:01:54.316,152.14593506047436,152.28767233099413,False,
00:01:54.416,152.17740635334735,152.28767233099413,False,
00:01:54.517,152.28767233099413,152.28767233099413,False,
00:01:54.618,152.28767233099413,152.28767233099413,False,
00:01:54.647,152.28767233099413,123.46,True,123.46
00:01:54.719,152.28767233099413,152.28767233099413,False,
00:01:54.819,152.28767233099413,152.28767233099413,False,
00:01:54.920,152.28767233099413,152.28767233099413,False,
00:01:55.021,152.28767233099413,152.28767233099413,False,
00:01:55.091,152.28767233099413,135.44,True,135.44
00:01:55.122,152.28767233099413,152.28767233099413,False,
00:01:55.223,152.28767233099413,152.28767233099413,False,
00:01:55.323,152.28767233099413,152.28767233099413,False,
00:01:55.425,152.28767233099413,152.28767233099413,False,
00:01:55.469,152.28767233099413,158.31,True,158.31
00:01:55.526,152.28767233099413,152.28767233099413,False,
00:01:55.627,152.28767233099413,152.28767233099413,False,
00:01:55.728,152.28767233099413,152.28767233099413,False,
00:01:55.829,152.28767233099413,152.28767233099413,False,
00:01:55.877,152.28767233099413,147.06,True,147.06
00:01:55.930,152.28767233099413,152.28767233099413,False,
00:01:56.030,152.28767233099413,152.28767233099413,False,
00:01:56.131,152.28767233099413,152.28767233099413,False,
00:01:56.231,152.28767233099413,152.28767233099413,False,
00:01:56.233,152.28767233099413,168.07,True,168.07
00:01:56.331,152.28767233099413,152.28767233099413,False,
00:01:56.432,152.28767233099413,152.28767233099413,False,
00:01:56.532,152.28767233099413,152.28767233099413,False,
00:01:56.633,152.28767233099413,152.28767233099413,False,
00:01:56.735,152.28767233099413,152.28767233099413,False,
00:01:56.835,152.28767233099413,152.28767233099413,False,
00:01:56.937,152.28767233099413,152.28767233099413,False,
00:01:57.037,152.28767233099413,152.28767233099413,False,
00:01:57.040,152.28767233099413,74.44,True,74.44
00:01:57.137,152.28767233099413,152.28767233099413,False,
00:01:57.238,152.28767233099413,152.28767233099413,False,
00:01:57.339,152.28767233099413,152.28767233099413,False,
00:01:57.440,152.28767233099413,152.28767233099413,False,
00:01:57.540,152.28767233099413,152.28767233099413,False,
00:01:57.574,152.28767233099413,112.57,True,112.57
00:01:57.642,152.28767233099413,152.28767233099413,False,
00:01:57.742,152.28767233099413,152.28767233099413,False,
00:01:57.843,152.28767233099413,152.28767233099413,False,
00:01:57.874,152.28767233099413,200.0,True,200.0
00:01:57.943,152.28767233099413,152.28767233099413,False,
00:01:58.045,152.28767233099413,152.28767233099413,False,
00:01:58.145,152.28767233099413,152.28767233099413,False,
00:01:58.245,152.28767233099413,152.28767233099413,False,
00:01:58.329,152.28767233099413,131.87,True,131.87
00:01:58.346,152.28767233099413,152.28767233099413,False,
00:01:58.446,152.28767233099413,152.28767233099413,False,
00:01:58.547,152.28767233099413,152.28767233099413,False,
00:01:58.648,152.28767233099413,152.28767233099413,False,
00:01:58.671,152.28767233099413,174.93,True,174.93
00:01:58.748,152.28767233099413,152.28767233099413,False,
00:01:58.849,152.28767233099413,152.28767233099413,False,
00:01:58.950,152.28767233099413,152.28767233099413,False,
00:01:59.051,150.39958479652728,100.89113185216928,False,
00:01:59.151,144.57863931200484,100.89113185216928,False,
00:01:59.163,143.8499005484704,122.2,True,122.2
00:01:59.252,139.36776149560012,100.89113185216928,False,
00:01:59.353,134.81066224147443,100.89113185216928,False,
00:01:59.454,130.80398007438905,100.89113185216928,False,
00:01:59.506,128.82598407473728,174.42,True,174.42
00:01:59.554,127.246396555419,100.89113185216928,False,
00:01:59.655,124.1318756888309,100.89113185216928,False,
00:01:59.756,121.37789288403374,100.89113185216928,False,
00:01:59.857,118.94153010743031,100.89113185216928,False,
00:01:59.958,116.80841372232645,100.89113185216928,False,
00:02:00.048,115.07837544278814,110.91,True,110.91
00:02:00.058,114.92408859957007,100.89113185216928,False,
00:02:00.159,113.25625876344094,100.89113185216928,False,
00:02:00.260,111.79421065000838,100.89113185216928,False,
00:02:00.361,110.49523348439754,100.89113185216928,False,
00:02:00.461,109.35194484828078,144.93,True,144.93
00:02:00.465,109.35194484828078,100.89113185216928,False,
00:02:00.567,108.31704555025217,100.89113185216928,False,
00:02:00.668,107.44118034069983,100.89113185216928,False,
00:02:00.769,106.65600441279935,100.89113185216928,False,
00:02:00.870,105.97097254184415,100.89113185216928,False,
00:02:00.972,105.36543434046838,100.89113185216928,False,
00:02:01.073,104.83250633876747,100.89113185216928,False,
00:02:01.174,104.36370483144447,100.89113185216928,False,
00:02:01.275,103.95356956632223,100.89113185216928,False,
00:02:01.376,103.58927312131388,100.89113185216928,False,
00:02:01.398,103.51137118632845,64.1,True,64.1
00:02:01.476,103.27065218695161,100.89113185216928,False,
00:02:01.578,102.98766533386147,100.89113185216928,False,
00:02:01.678,102.73898347214488,100.89113185216928,False,
00:02:01.780,102.51864015078519,100.89113185216928,False,
00:02:01.881,102.32452734053018,100.89113185216928,False,
00:02:01.982,102.15465052013465,100.89113185216928,False,
00:02:02.079,102.00921732720869,88.11,True,88.11
00:02:02.084,102.00921732720869,100.89113185216928,False,
00:02:02.186,101.87075082342783,100.89113185216928,False,
00:02:02.287,101.75395823354384,100.89113185216928,False,
00:02:02.388,101.65214204192317,100.89113185216928,False,
00:02:02.489,101.56166013960835,100.89113185216928,False,
00:02:02.552,101.50964074596439,126.85,True,126.85
00:02:02.589,101.482660632824,100.89113185216928,False,
00:02:02.690,101.41239891823523,100.89113185216928,False,
00:02:02.790,101.35068265314082,100.89113185216928,False,
00:02:02.891,101.29653194657294,100.89113185216928,False,
00:02:02.991,101.24861609705842,100.89113185216928,False,
00:02:03.092,101.20617768588687,100.89113185216928,False,
00:02:03.193,101.16900384164822,100.89113185216928,False,
00:02:03.194,101.16847641007048,93.31,True,93.31
00:02:03.293,101.13624475513117,100.89113185216928,False,
00:02:03.394,101.10718773508215,100.89113185216928,False,
00:02:03.495,101.08148064307666,100.89113185216928,False,
00:02:03.595,101.05915518950154,100.89113185216928,False,
00:02:03.695,101.03931296245565,100.89113185216928,False,
00:02:03.713,101.03569169003788,115.83,True,115.83
00:02:03.797,101.02163195490895,100.89113185216928,False,
00:02:03.897,101.0061972436407,100.89113185216928,False,
00:02:03.998,100.9925779206901,100.89113185216928,False,
00:02:04.099,100.89113185216928,100.89113185216928,False,
00:02:04.201,100.89113185216928,100.89113185216928,False,
00:02:04.302,100.89113185216928,100.89113185216928,False,
00:02:04.327,100.89113185216928,97.56,True,97.56
00:02:04.403,100.89113185216928,100.89113185216928,False,
00:02:04.503,100.89113185216928,100.89113185216928,False,
00:02:04.604,100.89113185216928,100.89113185216928,False,
00:02:04.705,100.89113185216928,100.89113185216928,False,
00:02:04.810,100.89113185216928,100.89113185216928,False,
00:02:04.906,100.89113185216928,103.63,True,103.63
00:02:04.911,100.89113185216928,100.89113185216928,False,
00:02:05.012,100.89113185216928,100.89113185216928,False,
00:02:05.113,100.89113185216928,100.89113185216928,False,
00:02:05.214,100.89113185216928,100.89113185216928,False,
00:02:05.315,100.89113185216928,100.89113185216928,False,
00:02:05.416,100.89113185216928,100.89113185216928,False,
00:02:05.517,100.89113185216928,100.89113185216928,False,
00:02:05.535,100.89113185216928,95.54,True,95.54
00:02:05.618,100.89113185216928,100.89113185216928,False,
00:02:05.718,100.89113185216928,100.89113185216928,False,
00:02:05.819,100.89113185216928,100.89113185216928,False,
00:02:05.919,100.89113185216928,100.89113185216928,False,
00:02:06.019,100.89113185216928,100.89113185216928,False,
00:02:06.060,105.7868912578401,114.94,True,114.94
00:02:06.119,112.18621764337932,153.22796239320925,False,
00:02:06.220,121.35407868207936,153.22796239320925,False,
00:02:06.321,128.43653335941076,153.22796239320925,False,
00:02:06.422,133.9980752636494,153.22796239320925,False,
00:02:06.523,138.31110538936284,153.22796239320925,False,
00:02:06.624,141.62954036565355,153.22796239320925,False,
00:02:06.683,143.25655660497625,95.69,True,95.69
00:02:06.725,144.21392947516938,153.22796239320925,False,
00:02:06.825,146.22357841530223,153.22796239320925,False,
00:02:06.925,147.77820954679098,153.22796239320925,False,
00:02:07.026,148.98749347697833,153.22796239320925,False,
00:02:07.126,149.93083471906976,153.22796239320925,False,
00:02:07.169,150.27877427596695,123.71,True,123.71
00:02:07.226,150.6631861568577,153.22796239320925,False,
00:02:07.327,151.23273184549828,153.22796239320925,False,
00:02:07.427,151.67896103950437,153.22796239320925,False,
00:02:07.528,152.0218632288923,153.22796239320925,False,
00:02:07.628,152.29123025263178,153.22796239320925,False,
00:02:07.666,152.3792600434939,120.48,True,120.48
00:02:07.729,152.49989704562154,153.22796239320925,False,
00:02:07.830,152.66268619699136,153.22796239320925,False,
00:02:07.931,152.78953781658117,153.22796239320925,False,
00:02:08.032,152.887117542946,153.22796239320925,False,
00:02:08.081,152.92785691745,144.93,True,144.93
00:02:08.133,152.9636033690059,153.22796239320925,False,
00:02:08.234,153.02255138104093,153.22796239320925,False,
00:02:08.335,153.0682912035396,153.22796239320925,False,
00:02:08.436,153.1039984430001,153.22796239320925,False,
00:02:08.536,153.22796239320925,153.22796239320925,False,
00:02:08.557,153.22796239320925,125.79,True,125.79
00:02:08.637,153.22796239320925,153.22796239320925,False,
00:02:08.737,153.22796239320925,153.22796239320925,False,
00:02:08.838,153.22796239320925,153.22796239320925,False,
00:02:08.940,153.22796239320925,153.22796239320925,False,
00:02:08.977,153.22796239320925,142.86,True,142.86
00:02:09.040,153.22796239320925,153.22796239320925,False,
00:02:09.140,153.22796239320925,153.22796239320925,False,
00:02:09.240,153.22796239320925,153.22796239320925,False,
00:02:09.341,153.22796239320925,153.22796239320925,False,
00:02:09.442,153.22796239320925,153.22796239320925,False,
00:02:09.460,153.22796239320925,124.48,True,124.48
00:02:09.542,153.22796239320925,153.22796239320925,False,
00:02:09.643,153.22796239320925,153.22796239320925,False,
00:02:09.744,153.22796239320925,153.22796239320925,False,
00:02:09.845,153.22796239320925,153.22796239320925,False,
00:02:09.897,153.22796239320925,136.99,True,136.99
00:02:09.946,153.22796239320925,153.22796239320925,False,
00:02:10.047,153.22796239320925,153.22796239320925,False,
00:02:10.148,153.22796239320925,153.22796239320925,False,
00:02:10.249,153.22796239320925,153.22796239320925,False,
00:02:10.350,153.22796239320925,153.22796239320925,False,
00:02:10.370,153.22796239320925,126.58,True,126.58
00:02:10.450,153.22796239320925,153.22796239320925,False,
00:02:10.551,153.22796239320925,153.22796239320925,False,
00:02:10.652,153.22796239320925,153.22796239320925,False,
00:02:10.752,153.22796239320925,153.22796239320925,False,
00:02:10.830,153.22796239320925,131.0,True,131.0
00:02:10.853,153.22796239320925,153.22796239320925,False,
00:02:10.954,153.22796239320925,153.22796239320925,False,
00:02:11.055,153.22796239320925,153.22796239320925,False,
00:02:11.157,153.22796239320925,153.22796239320925,False,
00:02:11.258,153.22796239320925,153.22796239320925,False,
00:02:11.315,153.22796239320925,123.71,True,123.71
00:02:11.360,153.22796239320925,153.22796239320925,False,
00:02:11.460,153.22796239320925,153.22796239320925,False,
00:02:11.560,153.22796239320925,153.22796239320925,False,
00:02:11.661,153.22796239320925,153.22796239320925,False,
00:02:11.750,153.22796239320925,138.57,True,138.57
00:02:11.761,153.22796239320925,153.22796239320925,False,
00:02:11.863,153.22796239320925,153.22796239320925,False,
00:02:11.963,153.22796239320925,153.22796239320925,False,
00:02:12.064,153.22796239320925,153.22796239320925,False,
00:02:12.164,153.22796239320925,153.22796239320925,False,
00:02:12.248,153.22796239320925,120.0,True,120.0
00:02:12.264,153.22796239320925,153.22796239320925,False,
00:02:12.365,153.22796239320925,153.22796239320925,False,
00:02:12.466,153.22796239320925,153.22796239320925,False,
00:02:12.566,153.22796239320925,153.22796239320925,False,
00:02:12.668,153.22796239320925,153.22796239320925,False,
00:02:12.722,153.22796239320925,126.58,True,126.58
00:02:12.768,153.22796239320925,153.22796239320925,False,
00:02:12.869,153.22796239320925,153.22796239320925,False,
00:02:12.969,153.22796239320925,153.22796239320925,False,
00:02:13.070,150.33888779147085,102.99518380466596,False,
00:02:13.171,144.75822605371062,102.99518380466596,False,
00:02:13.239,141.24523835613633,116.05,True,116.05
00:02:13.272,139.7767050509929,102.99518380466596,False,
00:02:13.373,135.42620027221412,102.99518380466596,False,
00:02:13.473,131.59200820375256,102.99518380466596,False,
00:02:13.574,128.2229486030679,102.99518380466596,False,
00:02:13.675,125.21913860411047,102.99518380466596,False,
00:02:13.700,124.48101339717353,129.87,True,129.87
00:02:13.776,122.56843683045057,102.99518380466596,False,
00:02:13.877,120.2457568615774,102.99518380466596,False,
00:02:13.978,118.20120278010319,102.99518380466596,False,
00:02:14.079,116.39689410718499,102.99518380466596,False,
00:02:14.180,114.80548733382032,102.99518380466596,False,
00:02:14.251,113.77882422150566,109.09,True,109.09
00:02:14.281,113.40201437051489,102.99518380466596,False,
00:02:14.382,112.16535461591504,102.99518380466596,False,
00:02:14.484,111.07238242424118,102.99518380466596,False,
00:02:14.584,110.11903510312617,102.99518380466596,False,
00:02:14.684,109.27836957837621,102.99518380466596,False,
00:02:14.728,108.9353420835756,125.79,True,125.79
00:02:14.785,108.53338726657707,102.99518380466596,False,
00:02:14.886,107.88074782935685,102.99518380466596,False,
00:02:14.986,107.30497205525494,102.99518380466596,False,
00:02:15.087,106.79057590674903,102.99518380466596,False,
00:02:15.188,106.34244733154053,102.99518380466596,False,
00:02:15.275,105.98897006363525,109.69,True,109.69
00:02:15.289,105.94498430677717,102.99518380466596,False,
00:02:15.390,105.59344245340601,102.99518380466596,False,
00:02:15.491,105.28628520033901,102.99518380466596,False,
00:02:15.591,105.01529187003241,102.99518380466596,False,
00:02:15.692,104.77550558963155,102.99518380466596,False,
00:02:15.791,104.5665409977362,116.28,True,116.28
00:02:15.796,104.5665409977362,102.99518380466596,False,
00:02:15.897,104.37359870626426,102.99518380466596,False,
00:02:15.997,104.21112867247346,102.99518380466596,False,
00:02:16.097,104.06790137532609,102.99518380466596,False,
00:02:16.198,103.94117074866242,102.99518380466596,False,
00:02:16.298,103.82932646103666,102.99518380466596,False,
00:02:16.346,103.77933886590198,107.91,True,107.91
00:02:16.399,103.73080582879794,102.99518380466596,False,
00:02:16.500,103.64363043997065,102.99518380466596,False,
00:02:16.601,103.56644951235546,102.99518380466596,False,
00:02:16.702,103.49875613377516,102.99518380466596,False,
00:02:16.802,103.43928269353317,102.99518380466596,False,
00:02:16.894,103.39014635488847,109.69,True,109.69
00:02:16.903,103.38637224982571,102.99518380466596,False,
00:02:17.004,103.34023757172426,102.99518380466596,False,
00:02:17.104,103.29949034017643,102.99518380466596,False,
00:02:17.205,103.263328729835,102.99518380466596,False,
00:02:17.306,103.23143880999491,102.99518380466596,False,
00:02:17.408,103.20328321546656,102.99518380466596,False,
00:02:17.439,103.19499600588709,109.89,True,109.89
00:02:17.508,103.17875506565335,102.99518380466596,False,
00:02:17.608,103.15715535909644,102.99518380466596,False,
00:02:17.709,103.13803568784411,102.99518380466596,False,
00:02:17.810,103.1209888437829,102.99518380466596,False,
00:02:17.911,103.1059918326992,102.99518380466596,False,
00:02:17.939,103.1022239454232,121.95,True,121.95
00:02:18.012,102.99518380466596,102.99518380466596,False,
00:02:18.113,102.99518380466596,102.99518380466596,False,
00:02:18.213,102.99518380466596,102.99518380466596,False,
00:02:18.314,102.99518380466596,102.99518380466596,False,
00:02:18.415,102.99518380466596,102.99518380466596,False,
00:02:18.453,102.99518380466596,115.16,True,115.16
00:02:18.516,102.99518380466596,102.99518380466596,False,
00:02:18.616,102.99518380466596,102.99518380466596,False,
00:02:18.717,102.99518380466596,102.99518380466596,False,
00:02:18.818,102.99518380466596,102.99518380466596,False,
00:02:18.919,102.99518380466596,102.99518380466596,False,
00:02:18.962,102.99518380466596,119.28,True,119.28
00:02:19.020,102.99518380466596,102.99518380466596,False,
00:02:19.120,102.99518380466596,102.99518380466596,False,
00:02:19.220,102.99518380466596,102.99518380466596,False,
00:02:19.320,102.99518380466596,102.99518380466596,False,
00:02:19.421,102.99518380466596,102.99518380466596,False,
00:02:19.522,102.99518380466596,102.99518380466596,False,
00:02:19.548,102.99518380466596,101.35,True,101.35
